CUSTOMER,ITEM,QTY
1000513,1019198,88
1000513,1019199,88
1000513,1019209,1
1000513,1024101,130
1000513,1026842,5
1000513,1027376,1
1000513,1029489,34
1000513,1046205,2
1000513,1048539,1
1000513,1048540,1
1000513,1053148,4
1000513,1060058,2
1000513,1104571,1
1000513,1200616,3
1000513,1200622,3
1000513,1212024,2
1000513,1212025,2
1000513,1212031,1
1000513,1212032,1
1000513,1212049,1
1000513,1212050,1
1000513,1212051,1
1000513,1212052,1
1000513,1212053,1
1000513,1212056,60
1000513,1212057,60
1000513,1212064,57
1000513,1212065,57
1000513,1212071,1
1000513,1213761,2
1000513,1213762,2
1000513,1215868,12
1000513,1215869,12
1000513,1216372,70
1000513,1216373,70
1000513,1220645,27
1000513,1220658,27
1000513,1220874,4
1000513,1220887,4
1000513,2016178,169
1000513,2016179,4
1000513,2016180,2
1000513,2020061,4
1000513,2020214,88
1000513,2024352,163
1000513,2027735,5
1000513,2047841,7
1000513,2066603,256
1000513,2067169,110
1000513,2077387,66
1000513,2077389,24
1000513,2084288,2
1000513,5307082,3
1000513,5307083,2
1000513,5307084,33
1000513,5307085,2
1000513,5307086,1
1000513,5309590,2
1000513,5309719,18
1000513,5311691,3
1000513,5311845,2
1000513,5321587,3
1000513,6021750,1
1000513,6025472,8
1000513,6025614,2
1000513,6025632,2
1000513,6030489,40
1000513,6035129,5
1000513,6035200,1
1000513,6035202,1
1000513,6035745,3
1000513,7083084,1
1000614,1044255,10
1000614,1044338,10
1000614,1044339,2
1000614,1044627,5
1000614,1044629,13
1000614,1044679,16
1000614,1044680,93
1000614,1047717,11
1000614,1051487,6
1000614,1056985,2
1000614,1059860,13
1000614,1060065,2
1000614,1060067,2
1000614,1061172,1
1000614,1061173,1
1000614,1061176,1
1000614,1061177,1
1000614,1061178,1
1000614,1061179,1
1000614,1068191,10
1000614,1085665,9
1000614,1085666,9
1000614,1085667,11
1000614,1085668,11
1000614,1085669,7
1000614,1085670,7
1000614,1085671,2
1000614,1085672,2
1000614,1085898,3
1000614,1085899,2
1000614,1085900,2
1000614,1212005,5
1000614,1212018,5
1000614,1212028,1
1000614,1212029,1
1000614,1212051,3
1000614,1212052,3
1000614,1212054,5
1000614,1212055,5
1000614,1221401,1
1000614,1221402,34
1000614,1221404,34
1000614,1221407,26
1000614,1221408,26
1000614,1221411,26
1000614,1221412,16
1000614,1221413,6
1000614,1221415,1
1000614,1221418,26
1000614,1221419,16
1000614,1221420,6
1000614,1221422,1
1000614,1221425,1
1000614,1221426,11
1000614,1221427,9
1000614,1221428,6
1000614,1221429,5
1000614,1221430,1
1000614,1221432,1
1000614,1221434,1
1000614,1221435,11
1000614,1221436,9
1000614,1221437,6
1000614,1221438,5
1000614,1221439,1
1000614,2023154,6
1000614,2034879,2
1000614,2034880,4
1000614,2066603,54
1000614,2067169,100
1000614,5309397,17
1000614,5309718,2
1000614,5309719,1
1000614,5311683,14
1000614,5311686,2
1000614,6021091,1
1000614,6025612,2
1000614,6025614,17
1000614,6025618,14
1000614,6025635,31
1000614,6026691,20
1000614,6033230,1
1000614,6033231,9
1000614,6035129,11
1000614,6035130,1
1000614,6045193,4
1000614,6051884,11
1000860,1019152,5
1000860,1019153,5
1000860,1024101,4
1000860,1024446,1
1000860,1043745,6
1000860,1043746,6
1000860,1046205,1
1000860,1046207,8
1000860,1046209,3
1000860,1053148,12
1000860,1053150,1
1000860,1076398,3
1000860,1095014,79
1000860,1212026,9
1000860,1212027,9
1000860,1212035,15
1000860,1212036,15
1000860,1212049,6
1000860,1212050,6
1000860,1212053,13
1000860,1212054,10
1000860,1212055,10
1000860,1212056,12
1000860,1212057,12
1000860,1212060,145
1000860,1212061,146
1000860,1212064,3
1000860,1212065,3
1000860,1212071,13
1000860,2016178,32
1000860,2020214,6
1000860,2024352,8
1000860,2027357,14
1000860,2027735,7
1000860,2047841,28
1000860,2067169,177
1000860,2074406,82
1000860,2100900,32
1000860,5307086,1
1000860,6035129,3
1000860,6035596,1
1000860,7083088,2
1000860,7083089,1
1000860,7083142,1
1001234,1016296,5
1001234,1024101,18
1001234,1024445,1
1001234,1029489,4
1001234,1044629,1
1001234,1044630,1
1001234,1044680,2
1001234,1046209,22
1001234,1056982,2
1001234,1058668,1
1001234,1068191,1
1001234,1085900,4
1001234,1212033,1
1001234,1212034,1
1001234,1212047,44
1001234,1212048,44
1001234,1212051,6
1001234,1212052,6
1001234,1212053,3
1001234,1212054,18
1001234,1212055,18
1001234,1212056,33
1001234,1212057,33
1001234,1212058,6
1001234,1212059,6
1001234,1212060,29
1001234,1212061,29
1001234,1212071,3
1001234,1213761,9
1001234,1213762,9
1001234,1213767,6
1001234,1213768,6
1001234,1213775,5
1001234,1213776,5
1001234,1216224,3
1001234,1216225,3
1001234,2016178,6
1001234,2024352,14
1001234,2027725,1
1001234,2027726,7
1001234,2028369,1
1001234,2033414,2
1001234,2033415,2
1001234,2033416,2
1001234,2034880,2
1001234,2047841,22
1001234,2067169,187
1001234,2069823,1
1001234,4071409,5
1001234,5307085,2
1001234,6023135,2
1001234,6025470,24
1001234,6025472,90
1001234,6035037,1
1001234,6035129,9
1001234,6051883,2
1001234,7083088,3
1001460,1068191,1
1001460,1085899,9
1001460,1221402,10
1001460,1221403,49
1001460,1221404,10
1001460,1221407,5
1001460,1221408,5
1001460,1221412,14
1001460,1221419,14
1001460,1221425,31
1001460,1221426,34
1001460,1221427,9
1001460,1221428,33
1001460,1221429,22
1001460,1221430,8
1001460,1221433,49
1001460,1221434,31
1001460,1221435,34
1001460,1221436,9
1001460,1221437,33
1001460,1221438,20
1001460,1221439,8
1001460,2039803,26
1001460,2067169,188
1001460,2099265,13
1001460,5309397,30
1001460,6021153,3
1001460,6025612,30
1001460,6035129,1
1001600,1016296,1
1001600,1019216,4
1001600,1019217,4
1001600,1019222,1
1001600,1019223,1
1001600,1019232,1
1001600,1019233,1
1001600,1019990,2
1001600,1027375,4
1001600,1027376,1
1001600,1029438,2
1001600,1029439,2
1001600,1029489,1
1001600,1029572,2
1001600,1029573,2
1001600,1044629,1
1001600,1044679,21
1001600,1058668,21
1001600,1060058,1
1001600,1060065,44
1001600,1061172,8
1001600,1061173,8
1001600,1061174,17
1001600,1061175,17
1001600,1061176,1
1001600,1061177,1
1001600,1062333,4
1001600,1068191,390
1001600,1070646,1
1001600,1070647,1
1001600,1085665,7
1001600,1085666,7
1001600,1085667,20
1001600,1085668,20
1001600,1085669,23
1001600,1085670,23
1001600,1085673,21
1001600,1085674,21
1001600,1085899,1
1001600,1092345,64
1001600,1099032,5
1001600,1212024,2
1001600,1212025,2
1001600,1212026,2
1001600,1212027,2
1001600,1212028,18
1001600,1212029,18
1001600,1212031,19
1001600,1212032,19
1001600,1212033,5
1001600,1212034,5
1001600,1212035,2
1001600,1212036,2
1001600,1212047,2
1001600,1212048,2
1001600,1212051,1
1001600,1212052,1
1001600,1212054,15
1001600,1212055,15
1001600,1213738,1
1001600,1213754,1
1001600,1213759,2
1001600,1213760,2
1001600,1213763,3
1001600,1213764,3
1001600,1213767,4
1001600,1213768,4
1001600,1220641,2
1001600,1220654,2
1001600,1220680,6
1001600,1220686,6
1001600,1220687,2
1001600,1220689,2
1001600,1220694,6
1001600,1220700,6
1001600,1220701,2
1001600,1220702,2
1001600,2018306,8
1001600,2020204,8
1001600,2020214,6
1001600,2033362,5
1001600,2066603,6
1001600,2067169,250
1001600,2077387,10
1001600,2077388,26
1001600,2099265,4
1001600,5307083,88
1001600,5308938,32
1001600,5309313,3
1001600,5309719,5
1001600,5311369,4
1001600,5311688,25
1001600,5311837,13
1001600,5311845,5
1001600,5314785,5
1001600,6025439,3
1001600,6025615,25
1001600,6025628,3
1001600,6025632,2
1001600,6026697,1
1001600,6026698,1
1001600,6030489,121
1001600,6033232,18
1001600,6035129,10
1001600,7083088,1
1001699,1016296,1
1001699,1018729,2
1001699,1018730,2
1001699,1019146,1
1001699,1019148,1
1001699,1019150,3
1001699,1019151,1
1001699,1019152,1
1001699,1019153,1
1001699,1019160,1
1001699,1019161,1
1001699,1019170,1
1001699,1019171,1
1001699,1019202,1
1001699,1019203,1
1001699,1019222,1
1001699,1019281,1
1001699,1019282,1
1001699,1019338,1
1001699,1022951,1
1001699,1023048,2
1001699,1023086,1
1001699,1024101,1
1001699,1026842,1
1001699,1027375,1
1001699,1027377,5
1001699,1028461,7
1001699,1029491,2
1001699,1044338,1
1001699,1044339,2
1001699,1044629,1
1001699,1047533,1
1001699,1048539,2
1001699,1048540,2
1001699,1059965,50
1001699,1059966,57
1001699,1060056,10
1001699,1060058,78
1001699,1060059,1
1001699,1060066,5
1001699,1060847,10
1001699,1060850,5
1001699,1061172,27
1001699,1061173,27
1001699,1061174,32
1001699,1061175,18
1001699,1061176,8
1001699,1061177,6
1001699,1061178,11
1001699,1061179,10
1001699,1062267,5
1001699,1062281,10
1001699,1062676,57
1001699,1070116,2
1001699,1084213,1
1001699,1086120,1
1001699,1086122,1
1001699,1200555,4
1001699,1200572,4
1001699,1200575,1
1001699,1200619,1
1001699,1200680,1
1001699,1200681,7
1001699,1200685,1
1001699,1200698,1
1001699,1201062,1
1001699,1201361,1
1001699,1207514,2
1001699,1207791,2
1001699,1207801,3
1001699,1207804,0
1001699,1207805,2
1001699,1213757,1
1001699,1213758,1
1001699,1215842,1
1001699,1215843,1
1001699,1216326,1
1001699,2016178,2
1001699,2016179,2
1001699,2020061,2
1001699,2020204,74
1001699,2023157,19
1001699,2023159,2
1001699,2024352,1
1001699,2027735,21
1001699,2031065,2
1001699,2033362,4
1001699,2033414,1
1001699,2034880,2
1001699,2039803,62
1001699,2039857,3
1001699,2039858,1
1001699,2044431,2
1001699,2044432,2
1001699,2044459,3
1001699,2046197,4
1001699,2046390,12
1001699,2046398,12
1001699,2047006,2
1001699,2048430,3
1001699,2057153,12
1001699,2067169,1
1001699,2074098,4
1001699,2077387,1
1001699,2080167,6
1001699,2082101,6
1001699,2099265,3
1001699,2100900,3
1001699,5307090,12
1001699,5309315,10
1001699,5309397,1
1001699,5311684,2
1001699,5311686,10
1001699,5311688,3
1001699,5314068,12
1001699,5320533,24
1001699,5326188,5
1001699,5330389,18
1001699,6012702,2
1001699,6021750,10
1001699,6021793,2
1001699,6022607,3
1001699,6022874,6
1001699,6023135,12
1001699,6025471,1
1001699,6025612,18
1001699,6025614,8
1001699,6025615,4
1001699,6025620,2
1001699,6025632,1
1001699,6025652,5
1001699,6026529,20
1001699,6026691,3
1001699,6026695,2
1001699,6026698,2
1001699,6027894,5
1001699,6027895,3
1001699,6027898,2
1001699,6027943,4
1001699,6027947,5
1001699,6035129,4
1001699,6035136,31
1001699,6035137,9
1001699,6035419,15
1001699,6035421,13
1001699,6035422,12
1001699,6035424,2
1001699,6035429,23
1001699,6035430,6
1001699,6035517,2
1001699,6035518,2
1001699,6035597,2
1001699,6045194,17
1001699,6045199,5
1001699,6045611,2
1001699,6050836,2
1001699,6051884,4
1001699,6052156,24
1002845,1024102,1
1002845,1060063,6
1002845,1085671,1
1002845,1085672,1
1002845,1085673,1
1002845,1085674,1
1002845,1085899,36
1002845,1085900,6
1002845,1092343,4
1002845,1212005,1
1002845,1212018,1
1002845,1212027,2
1002845,1212029,2
1002845,1212030,8
1002845,1212047,12
1002845,1212048,12
1002845,1212049,2
1002845,1212050,2
1002845,1212051,1
1002845,1212052,1
1002845,1212053,1
1002845,1212054,14
1002845,1212055,14
1002845,1212056,1
1002845,1212057,1
1002845,1212060,6
1002845,1212061,6
1002845,1212064,1
1002845,1212065,1
1002845,1212070,8
1002845,1212071,3
1002845,1213718,1
1002845,1213743,1
1002845,1213745,1
1002845,1213746,1
1002845,1213747,1
1002845,1213757,8
1002845,1213758,10
1002845,1213759,11
1002845,1213760,11
1002845,1213761,2
1002845,1213762,2
1002845,1213763,2
1002845,1213764,2
1002845,1213765,10
1002845,1213766,10
1002845,1213767,10
1002845,1213768,10
1002845,1213769,2
1002845,1213770,2
1002845,1213771,2
1002845,1213772,2
1002845,1216316,1
1002845,1216317,1
1002845,1221407,1
1002845,1221408,1
1002845,2066603,16
1002845,2067169,48
1002845,2071544,12
1002845,4071409,1
1002845,5308825,4
1002845,5308938,4
1002845,5311688,1
1002845,6023135,4
1002845,6025615,1
1002845,6035129,1
1002845,6035136,6
1002845,7083089,1
1003106,1062333,2
1003106,1081529,64
1003106,1085665,44
1003106,1085666,44
1003106,1085667,85
1003106,1085668,85
1003106,1085669,60
1003106,1085670,60
1003106,1085671,32
1003106,1085672,32
1003106,1085673,31
1003106,1085674,31
1003106,1099015,8
1003106,1099016,9
1003106,1099017,24
1003106,1099018,3
1003106,1099019,24
1003106,1099020,4
1003106,1099021,6
1003106,1099024,2
1003106,1106495,2
1003106,1212005,2
1003106,1212018,2
1003106,1212024,7
1003106,1212025,7
1003106,1212026,12
1003106,1212027,12
1003106,1212028,13
1003106,1212029,13
1003106,1212030,2
1003106,1212033,2
1003106,1212034,2
1003106,1212045,1
1003106,1212046,1
1003106,1212049,1
1003106,1212050,1
1003106,1212053,2
1003106,1212054,2
1003106,1212055,2
1003106,1212070,2
1003106,1212071,2
1003106,2020204,2
1003106,2034819,64
1003106,2067169,56
1003106,6035037,15
1003106,6035129,2
1003644,1044680,1
1003644,1058668,2
1003644,1062332,1
1003644,1063094,69
1003644,1085900,1
1003644,1086263,23
1003644,1086264,3
1003644,1086265,2
1003644,1092343,15
1003644,1212005,4
1003644,1212018,4
1003644,1212024,1
1003644,1212025,1
1003644,1212026,5
1003644,1212027,6
1003644,1212028,7
1003644,1212029,7
1003644,1212030,5
1003644,1212031,2
1003644,1212032,2
1003644,1212049,2
1003644,1212050,2
1003644,1212070,5
1003644,2067169,34
1003644,2099265,1
1003644,5307084,158
1003644,5308938,15
1003644,6023140,173
1004289,1016296,5
1004289,1041174,42
1004289,1056985,4
1004289,1061176,75
1004289,1061177,78
1004289,1061178,80
1004289,1061179,80
1004289,1062566,237
1004289,1068191,110
1004289,1070646,2
1004289,1070647,2
1004289,1078080,8
1004289,1081529,2
1004289,1200555,21
1004289,1200572,21
1004289,1212005,1
1004289,1212018,1
1004289,1212026,3
1004289,1212027,3
1004289,1212053,7
1004289,1212056,4
1004289,1212057,4
1004289,1212071,7
1004289,1213757,4
1004289,1213758,4
1004289,1213767,1
1004289,1213768,1
1004289,1213771,4
1004289,1213772,4
1004289,1213775,1
1004289,1213776,1
1004289,1216320,4
1004289,1216321,4
1004289,1221402,7
1004289,1221403,3
1004289,1221404,7
1004289,1221425,3
1004289,1221426,1
1004289,1221428,3
1004289,1221429,1
1004289,1221430,1
1004289,1221433,3
1004289,1221434,3
1004289,1221435,1
1004289,1221437,3
1004289,1221438,1
1004289,1221439,1
1004289,2033362,2
1004289,2034879,4
1004289,2034880,2
1004289,2039803,3
1004289,2045401,26
1004289,2046045,42
1004289,2066603,4
1004289,2067169,40
1004289,4040561,4
1004289,4071409,1
1004289,6035129,1
1004309,1018733,2
1004309,1018734,2
1004309,1019168,1
1004309,1019169,1
1004309,1019338,1
1004309,1027375,1
1004309,1029438,1
1004309,1029439,1
1004309,1029532,1
1004309,1029533,1
1004309,1044680,14
1004309,1048539,1
1004309,1059966,5
1004309,1060056,5
1004309,1060058,10
1004309,1060059,5
1004309,1060847,8
1004309,1061176,4
1004309,1061177,4
1004309,1061178,18
1004309,1061179,15
1004309,1062280,3
1004309,1062566,19
1004309,1062676,5
1004309,1068191,8
1004309,1070646,3
1004309,1070647,3
1004309,1085899,2
1004309,1200558,1
1004309,1200575,1
1004309,1200585,1
1004309,1207660,1
1004309,1207679,1
1004309,1207684,1
1004309,1207815,2
1004309,1208062,1
1004309,1212058,3
1004309,1212059,3
1004309,1213759,4
1004309,1213760,4
1004309,1213765,2
1004309,1213766,2
1004309,1220921,1
1004309,1220932,1
1004309,2020061,2
1004309,2020204,2
1004309,2021298,4
1004309,2022826,3
1004309,2024352,1
1004309,2027735,11
1004309,2028369,1
1004309,2033362,1
1004309,2034820,8
1004309,2034880,10
1004309,2039803,34
1004309,2044431,2
1004309,2044459,4
1004309,2046390,2
1004309,2067169,11
1004309,2071543,2
1004309,5307085,2
1004309,5307090,3
1004309,5309052,4
1004309,5309314,5
1004309,5311688,3
1004309,5311694,5
1004309,5326189,2
1004309,6012699,4
1004309,6021091,2
1004309,6023135,3
1004309,6023140,4
1004309,6025448,1
1004309,6025470,5
1004309,6025473,2
1004309,6025612,5
1004309,6025615,6
1004309,6025618,5
1004309,6025622,3
1004309,6025631,2
1004309,6025632,8
1004309,6025644,1
1004309,6025652,1
1004309,6025655,1
1004309,6026691,14
1004309,6026694,13
1004309,6026695,8
1004309,6027894,2
1004309,6027946,5
1004309,6033225,2
1004309,6035037,2
1004309,6035129,1
1004309,6035130,1
1004309,6035136,5
1004309,6035417,1
1004309,6035418,5
1004309,6035420,2
1004309,6035421,2
1004309,6035422,2
1004309,6035423,2
1004309,6035424,3
1004309,6035429,12
1004309,6035430,12
1004309,6035517,1
1004309,6045183,1
1004309,6045206,1
1004309,6051883,4
1004616,1018741,2
1004616,1018742,2
1004616,1018916,1
1004616,1024446,2
1004616,1027376,2
1004616,1044627,1
1004616,1044680,6
1004616,1052662,1
1004616,1058668,1
1004616,1060058,66
1004616,1060059,2
1004616,1060062,4
1004616,1060847,1
1004616,1061176,4
1004616,1061177,4
1004616,1061178,4
1004616,1061179,4
1004616,1062566,1
1004616,1068191,25
1004616,1070118,2
1004616,1081529,68
1004616,1085665,4
1004616,1085666,4
1004616,1085899,1
1004616,1085900,100
1004616,1200558,1
1004616,1200686,1
1004616,1212017,5
1004616,1213718,3
1004616,1213739,6
1004616,1213743,3
1004616,1213744,3
1004616,1213745,3
1004616,1213746,3
1004616,1213747,3
1004616,1213752,1
1004616,1213753,1
1004616,1213755,6
1004616,1213757,7
1004616,1213758,7
1004616,1213759,12
1004616,1213760,12
1004616,1213761,13
1004616,1213762,13
1004616,1213765,12
1004616,1213766,12
1004616,1213767,5
1004616,1213768,5
1004616,1213769,1
1004616,1213770,1
1004616,1213771,1
1004616,1213772,1
1004616,1213775,1
1004616,1213776,1
1004616,2020204,12
1004616,2027735,5
1004616,2031065,4
1004616,2034819,68
1004616,2046201,1
1004616,2066603,8
1004616,2067169,12
1004616,5307084,21
1004616,5309397,2
1004616,5309718,2
1004616,5311684,2
1004616,5311686,2
1004616,5311837,2
1004616,5320532,1
1004616,5320813,2
1004616,5330389,26
1004616,6023140,21
1004616,6025473,3
1004616,6025614,42
1004616,6025615,4
1004616,6025644,1
1005363,1019152,2
1005363,1019153,2
1005363,1019198,3
1005363,1019199,3
1005363,1019204,1
1005363,1019294,2
1005363,1019295,2
1005363,1019366,1
1005363,1024101,3
1005363,1024445,5
1005363,1027375,2
1005363,1027376,1
1005363,1029489,4
1005363,1029490,2
1005363,1044627,2
1005363,1044680,4
1005363,1047717,2
1005363,1056983,2
1005363,1059860,2
1005363,1059966,6
1005363,1062267,3
1005363,1067915,1
1005363,1076397,12
1005363,1084584,1
1005363,1100517,1
1005363,1104676,9
1005363,1212017,1
1005363,1212019,1
1005363,1212024,3
1005363,1212025,2
1005363,1212035,2
1005363,1212036,2
1005363,1212037,12
1005363,1212038,12
1005363,1212047,2
1005363,1212048,2
1005363,1212049,30
1005363,1212050,30
1005363,1212051,34
1005363,1212052,34
1005363,1212053,31
1005363,1212054,10
1005363,1212055,10
1005363,1212056,33
1005363,1212057,33
1005363,1212058,1
1005363,1212059,1
1005363,1212062,13
1005363,1212063,13
1005363,1212064,13
1005363,1212065,14
1005363,1212071,31
1005363,1213718,1
1005363,1213743,1
1005363,1213757,5
1005363,1213758,5
1005363,1213759,5
1005363,1213760,5
1005363,1213761,2
1005363,1213762,2
1005363,1213765,1
1005363,1213766,1
1005363,1213767,74
1005363,1213768,74
1005363,1213775,4
1005363,1213776,4
1005363,1216312,1
1005363,1216313,1
1005363,1216327,1
1005363,1220066,1
1005363,1220067,1
1005363,2016180,4
1005363,2020214,4
1005363,2027727,2
1005363,2027735,1
1005363,2028369,10
1005363,2034820,1
1005363,2034880,2
1005363,2067169,217
1005363,2071576,1
1005363,2077387,2
1005363,2099265,30
1005363,2102844,1
1005363,4071409,4
1005363,6025470,3
1005363,6035129,5
1005363,6035130,4
1005363,7083088,1
1005363,7083089,1
1005384,1044679,2
1005384,1044680,3
1005384,1051487,3
1005384,1058668,1
1005384,1059966,22
1005384,1060059,38
1005384,1060060,10
1005384,1060848,8
1005384,1068191,15
1005384,1078497,1
1005384,1080876,1
1005384,1081529,26
1005384,1085900,4
1005384,1086263,1
1005384,1212024,1
1005384,1212025,1
1005384,1212028,1
1005384,1212029,1
1005384,1212049,2
1005384,1212050,2
1005384,1212054,2
1005384,1212055,2
1005384,1213718,2
1005384,1213743,2
1005384,1213744,2
1005384,1213745,2
1005384,1213771,3
1005384,1213772,3
1005384,1221403,1
1005384,1221413,2
1005384,1221414,2
1005384,1221420,2
1005384,1221421,2
1005384,1221425,1
1005384,1221427,2
1005384,1221428,2
1005384,1221429,3
1005384,1221433,1
1005384,1221434,1
1005384,1221436,2
1005384,1221437,2
1005384,1221438,3
1005384,2020204,4
1005384,2027728,2
1005384,2027735,5
1005384,2033414,26
1005384,2066603,9
1005384,2067169,49
1005384,5307083,2
1005384,5307084,13
1005384,5308764,2
1005384,5309314,15
1005384,5309397,241
1005384,5309718,15
1005384,5320533,12
1005384,5326829,1
1005384,5330389,4
1005384,6021091,2
1005384,6021153,12
1005384,6021750,2
1005384,6023434,1
1005384,6025448,3
1005384,6025470,1
1005384,6025614,216
1005384,6025655,4
1005384,6026691,53
1005384,6026693,13
1005384,6026695,15
1005384,6027943,6
1005384,6035129,4
1005384,6035130,1
1005384,6051882,1
1006890,1018742,1
1006890,1018743,2
1006890,1018744,3
1006890,1027376,1
1006890,1027377,1
1006890,1029490,2
1006890,1043753,1
1006890,1043804,1
1006890,1044680,2
1006890,1047717,1
1006890,1056982,2
1006890,1056985,2
1006890,1058668,1
1006890,1059860,1
1006890,1059965,10
1006890,1059966,31
1006890,1060059,2
1006890,1060064,10
1006890,1060849,3
1006890,1060850,10
1006890,1061176,4
1006890,1061177,4
1006890,1061178,16
1006890,1061179,16
1006890,1062566,51
1006890,1070117,3
1006890,1073778,2
1006890,1078498,2
1006890,1085665,1
1006890,1085666,1
1006890,1085899,1
1006890,1085900,1
1006890,1203915,2
1006890,1203917,1
1006890,1208062,3
1006890,1212028,1
1006890,1212029,1
1006890,1212030,1
1006890,1212049,1
1006890,1212050,1
1006890,1212070,1
1006890,1213718,1
1006890,1213739,2
1006890,1213743,1
1006890,1213744,4
1006890,1213745,4
1006890,1213755,2
1006890,1213765,3
1006890,1213766,3
1006890,1213767,2
1006890,1213768,2
1006890,2016178,3
1006890,2016179,3
1006890,2016180,3
1006890,2020214,1
1006890,2027735,5
1006890,2034819,1
1006890,2034880,2
1006890,2039803,10
1006890,2039857,2
1006890,2047443,2
1006890,2067169,19
1006890,2071576,2
1006890,2099265,7
1006890,5309052,4
1006890,5311688,3
1006890,6023140,4
1006890,6025470,17
1006890,6025472,2
1006890,6025612,2
1006890,6025615,3
1006890,6026691,3
1006890,6035037,2
1006890,6035129,2
1006890,6035744,1
1006890,6042893,2
65,1018729,19
65,1018730,1
65,1018733,2
65,1018734,3
65,1018743,35
65,1018744,35
65,1018745,2
65,1018746,2
65,1018762,11
65,1018903,2
65,1018916,1
65,1019146,2
65,1019150,3
65,1019151,3
65,1019154,1
65,1019155,1
65,1019160,1
65,1019161,1
65,1019162,2
65,1019163,2
65,1019186,1
65,1019187,1
65,1019195,5
65,1019197,1
65,1019205,1
65,1019208,1
65,1019209,1
65,1019223,2
65,1019304,2
65,1019305,3
65,1019970,2
65,1019989,3
65,1019990,5
65,1022939,2
65,1024103,2
65,1024132,1
65,1026272,2
65,1026279,11
65,1026280,11
65,1028461,5
65,1041181,6
65,1042847,10
65,1042848,11
65,1043746,1
65,1044627,2
65,1044815,3
65,1051437,13
65,1051441,26
65,1060056,15
65,1060060,4
65,1060066,4
65,1060848,9
65,1061173,38
65,1069450,1
65,1070117,15
65,1070118,1
65,1070644,334
65,1070645,296
65,1070646,11
65,1070647,6
65,1073113,4
65,1073115,9
65,1073267,2
65,1073778,61
65,1083565,1
65,1083567,3
65,1084584,6
65,1085901,10
65,1086121,1
65,1086122,1
65,1090999,290
65,1200566,5
65,1200628,2
65,1200655,2
65,1200682,1
65,1200685,5
65,1200686,22
65,1201590,1
65,1201591,1
65,1203798,2
65,1203915,1
65,1204717,9
65,1207510,2
65,1207514,2
65,1207655,2
65,1207805,4
65,1207815,6
65,1212042,2
65,1215800,1
65,1215834,2
65,1215835,1
65,1215850,2
65,1215851,2
65,1215859,1
65,1215866,1
65,1215867,1
65,1215874,1
65,1220664,1
65,1220665,1
65,1221414,5
65,1221421,5
65,1221428,13
65,1221437,19
65,2018105,2
65,2018306,5
65,2018307,4
65,2023865,5
65,2024263,12
65,2027405,9
65,2027727,20
65,2033416,2
65,2033671,2
65,2044459,3
65,2044461,3
65,2045070,5
65,2045071,17
65,2046390,3
65,2047443,8
65,2048455,5
65,2050412,1
65,2052804,8
65,2057153,11
65,2060711,4
65,2073711,1
65,2074362,4
65,2074406,15
65,2077390,1
65,2080167,47
65,2082101,144
65,2094981,1
65,2100900,2
65,4057286,12
65,5301435,55
65,5307084,57
65,5307086,6
65,5307090,6
65,5307091,6
65,5308825,13
65,5309314,20
65,5309516,19
65,5309589,3
65,5311684,15
65,5311691,1
65,5314068,7
65,5334126,9
65,6012699,1
65,6012702,2
65,6021091,4
65,6021153,6
65,6025449,3
65,6025635,1
65,6025652,3
65,6026699,6
65,6027892,1
65,6027894,3
65,6027895,6
65,6027896,12
65,6027897,12
65,6035143,1
65,6035200,4
65,6035421,15
65,6035430,3
65,6035597,2
65,6035797,1
65,6051883,1
AAA00000098R,1044679,2
AAA00000098R,1044680,3
AAA00000098R,1076397,2
AAA00000098R,1212017,6
AAA00000098R,1212019,6
AAA00000098R,1212024,2
AAA00000098R,1212025,2
AAA00000098R,1212026,5
AAA00000098R,1212027,5
AAA00000098R,1212028,4
AAA00000098R,1212029,4
AAA00000098R,1212030,1
AAA00000098R,1212031,2
AAA00000098R,1212032,2
AAA00000098R,1212033,2
AAA00000098R,1212034,2
AAA00000098R,1212039,2
AAA00000098R,1212040,2
AAA00000098R,1212041,4
AAA00000098R,1212042,4
AAA00000098R,1212047,1
AAA00000098R,1212049,9
AAA00000098R,1212050,9
AAA00000098R,1212051,7
AAA00000098R,1212052,7
AAA00000098R,1212053,1
AAA00000098R,1212054,3
AAA00000098R,1212055,3
AAA00000098R,1212056,2
AAA00000098R,1212057,2
AAA00000098R,1212058,2
AAA00000098R,1212059,2
AAA00000098R,1212070,1
AAA00000098R,1212071,1
AAA00000098R,2067169,63
AAA00000098R,2071544,2
AAA00000098R,2074797,2
AAA00000098R,6025448,4
AAA00000098R,6025470,5
AAA00000098R,6025472,1
AAA00000098R,6033224,1
AAA00000098R,6033227,3
AAA00000098R,6033230,1
AAA00000098R,6033231,1
AAA00000098R,6035130,1
AAA00000098R,7083088,2
AAA00000127R,1024101,1
AAA00000127R,1027376,7
AAA00000127R,1029489,6
AAA00000127R,1053146,34
AAA00000127R,1053148,4
AAA00000127R,1056982,1
AAA00000127R,1085665,2
AAA00000127R,1085666,2
AAA00000127R,1085671,12
AAA00000127R,1085672,12
AAA00000127R,1212005,1
AAA00000127R,1212018,1
AAA00000127R,1212047,4
AAA00000127R,1212048,4
AAA00000127R,1212049,1
AAA00000127R,1212050,1
AAA00000127R,1212051,2
AAA00000127R,1212052,2
AAA00000127R,1212053,17
AAA00000127R,1212054,12
AAA00000127R,1212055,12
AAA00000127R,1212056,54
AAA00000127R,1212057,54
AAA00000127R,1212060,62
AAA00000127R,1212061,62
AAA00000127R,1212064,6
AAA00000127R,1212065,6
AAA00000127R,1212071,17
AAA00000127R,1213763,9
AAA00000127R,1213764,9
AAA00000127R,1213765,10
AAA00000127R,1213766,10
AAA00000127R,1213767,10
AAA00000127R,1213768,10
AAA00000127R,1221401,29
AAA00000127R,1221403,3
AAA00000127R,1221425,2
AAA00000127R,1221426,1
AAA00000127R,1221428,10
AAA00000127R,1221429,2
AAA00000127R,1221430,3
AAA00000127R,1221431,1
AAA00000127R,1221432,29
AAA00000127R,1221433,3
AAA00000127R,1221434,2
AAA00000127R,1221435,1
AAA00000127R,1221437,10
AAA00000127R,1221438,2
AAA00000127R,1221439,3
AAA00000127R,1221440,1
AAA00000127R,2016178,43
AAA00000127R,2016179,3
AAA00000127R,2020204,13
AAA00000127R,2024352,5
AAA00000127R,2027735,1
AAA00000127R,2033362,1
AAA00000127R,2034819,7
AAA00000127R,2034879,1
AAA00000127R,2047841,43
AAA00000127R,2067169,220
AAA00000127R,2099265,4
AAA00000127R,5307090,1
AAA00000127R,6021153,1
AAA00000127R,6025472,2
AAA00000127R,6035129,4
AAA00000127R,6035130,2
AAA00000135R,1024447,3
AAA00000135R,1044255,35
AAA00000135R,1044338,36
AAA00000135R,1044680,149
AAA00000135R,1047717,28
AAA00000135R,1056983,1
AAA00000135R,1059860,28
AAA00000135R,1081529,92
AAA00000135R,1092345,561
AAA00000135R,1092348,12
AAA00000135R,1207807,8
AAA00000135R,1207865,6
AAA00000135R,1212005,18
AAA00000135R,1212018,18
AAA00000135R,1212026,12
AAA00000135R,1212027,12
AAA00000135R,1212031,12
AAA00000135R,1212032,12
AAA00000135R,1212033,6
AAA00000135R,1212034,6
AAA00000135R,1212047,10
AAA00000135R,1212048,10
AAA00000135R,1212049,9
AAA00000135R,1212050,11
AAA00000135R,1212051,11
AAA00000135R,1212052,11
AAA00000135R,1212054,22
AAA00000135R,1212055,22
AAA00000135R,1212056,8
AAA00000135R,1212057,8
AAA00000135R,1212058,2
AAA00000135R,1212059,2
AAA00000135R,1213757,8
AAA00000135R,1213758,8
AAA00000135R,1216308,32
AAA00000135R,1216309,32
AAA00000135R,1216312,36
AAA00000135R,1216313,36
AAA00000135R,1216314,52
AAA00000135R,1216315,52
AAA00000135R,1216316,16
AAA00000135R,1216317,16
AAA00000135R,1216324,6
AAA00000135R,1216325,6
AAA00000135R,2016178,4
AAA00000135R,2033362,92
AAA00000135R,2047011,6
AAA00000135R,2066603,404
AAA00000135R,2067169,104
AAA00000135R,5307082,84
AAA00000135R,5307083,277
AAA00000135R,5307090,22
AAA00000135R,5308938,565
AAA00000135R,5330389,10
AAA00000135R,6023135,116
AAA00000135R,6023140,19
AAA00000135R,6025614,10
AAA00000135R,6030489,730
AAA00000135R,6033232,27
AAA00000135R,6035129,13
AAA00000135R,6035130,1
BHA00000031R,1024102,1
BHA00000031R,1024446,1
BHA00000031R,1026842,3
BHA00000031R,1027375,386
BHA00000031R,1027376,51
BHA00000031R,1029489,5
BHA00000031R,1029490,2
BHA00000031R,1029491,1
BHA00000031R,1044255,22
BHA00000031R,1044338,1
BHA00000031R,1044339,23
BHA00000031R,1044627,2
BHA00000031R,1044628,1
BHA00000031R,1044631,20
BHA00000031R,1044680,22
BHA00000031R,1056984,44
BHA00000031R,1060056,6
BHA00000031R,1060058,2
BHA00000031R,1060065,5
BHA00000031R,1060847,5
BHA00000031R,1061172,2
BHA00000031R,1061173,2
BHA00000031R,1061174,3
BHA00000031R,1061175,3
BHA00000031R,1062899,21
BHA00000031R,1081529,4
BHA00000031R,1082570,22
BHA00000031R,1085665,5
BHA00000031R,1085666,5
BHA00000031R,1085667,2
BHA00000031R,1085668,2
BHA00000031R,1085673,5
BHA00000031R,1085674,5
BHA00000031R,1100433,1
BHA00000031R,1101131,1
BHA00000031R,1101350,1
BHA00000031R,1102711,1
BHA00000031R,1103032,1
BHA00000031R,1200566,1
BHA00000031R,1200578,1
BHA00000031R,1200583,1
BHA00000031R,1200616,3
BHA00000031R,1200622,3
BHA00000031R,1212049,2
BHA00000031R,1212050,2
BHA00000031R,1212052,2
BHA00000031R,1212062,1
BHA00000031R,1212063,1
BHA00000031R,1220921,3
BHA00000031R,1220924,3
BHA00000031R,1220932,3
BHA00000031R,1220935,3
BHA00000031R,2016178,13
BHA00000031R,2016179,3
BHA00000031R,2016180,2
BHA00000031R,2020204,6
BHA00000031R,2024352,6
BHA00000031R,2027732,1
BHA00000031R,2027735,20
BHA00000031R,2028204,6
BHA00000031R,2028369,4
BHA00000031R,2031065,3
BHA00000031R,2033362,503
BHA00000031R,2033411,1
BHA00000031R,2033412,1
BHA00000031R,2033414,5
BHA00000031R,2033673,3
BHA00000031R,2034819,6
BHA00000031R,2034879,6
BHA00000031R,2039857,4
BHA00000031R,2066795,2
BHA00000031R,2067169,63
BHA00000031R,2068448,1
BHA00000031R,2074098,6
BHA00000031R,2074406,22
BHA00000031R,2080905,22
BHA00000031R,5307082,3
BHA00000031R,5311683,6
BHA00000031R,5330389,1
BHA00000031R,6021750,6
BHA00000031R,6023140,2
BHA00000031R,6025473,2
BHA00000031R,6025612,4
BHA00000031R,6025614,5
BHA00000031R,6025620,6
BHA00000031R,6025652,2
BHA00000031R,6026691,1
BHA00000031R,6027898,2
BHA00000031R,6031350,1
BHA00000031R,6035129,13
BHA00000031R,6035424,10
BHA00000031R,6051884,1
BHA00000031R,7083088,1
BHA00000031R,7088069,1
EAA00000043R,1016296,4
EAA00000043R,1019202,4
EAA00000043R,1019203,4
EAA00000043R,1024101,258
EAA00000043R,1024102,4
EAA00000043R,1024445,30
EAA00000043R,1024446,6
EAA00000043R,1028461,1
EAA00000043R,1029489,61
EAA00000043R,1046205,37
EAA00000043R,1046207,8
EAA00000043R,1046209,8
EAA00000043R,1053146,95
EAA00000043R,1053148,80
EAA00000043R,1053150,15
EAA00000043R,1056985,42
EAA00000043R,1076397,22
EAA00000043R,1076398,2
EAA00000043R,1081529,14
EAA00000043R,1083565,48
EAA00000043R,1083567,3
EAA00000043R,1103034,1
EAA00000043R,1200575,1
EAA00000043R,1212017,4
EAA00000043R,1212019,4
EAA00000043R,1212024,2
EAA00000043R,1212025,2
EAA00000043R,1212031,1
EAA00000043R,1212032,1
EAA00000043R,1212049,17
EAA00000043R,1212050,17
EAA00000043R,1212051,2
EAA00000043R,1212052,2
EAA00000043R,1212053,92
EAA00000043R,1212056,99
EAA00000043R,1212057,107
EAA00000043R,1212060,27
EAA00000043R,1212061,23
EAA00000043R,1212062,1
EAA00000043R,1212063,1
EAA00000043R,1212064,351
EAA00000043R,1212065,351
EAA00000043R,1212068,11
EAA00000043R,1212069,11
EAA00000043R,1212071,97
EAA00000043R,1213759,1
EAA00000043R,1213760,1
EAA00000043R,2016178,377
EAA00000043R,2016179,143
EAA00000043R,2016180,143
EAA00000043R,2020214,27
EAA00000043R,2024352,349
EAA00000043R,2027725,8
EAA00000043R,2027728,3
EAA00000043R,2027735,254
EAA00000043R,2033362,14
EAA00000043R,2034879,14
EAA00000043R,2034880,50
EAA00000043R,2047841,214
EAA00000043R,2050412,4
EAA00000043R,2058355,2
EAA00000043R,2066603,551
EAA00000043R,2067169,171
EAA00000043R,2071543,5
EAA00000043R,2071576,3
EAA00000043R,2074098,436
EAA00000043R,2074797,65
EAA00000043R,4033016,4
EAA00000043R,4033017,4
EAA00000043R,6021750,34
EAA00000043R,6023206,8
EAA00000043R,6035129,51
EAA00000043R,6035136,1
EAA00000043R,6054121,1
EAA00000043R,6055319,1
EAA00000043R,7083081,2
EAA00000139R,1019198,1
EAA00000139R,1019199,1
EAA00000139R,1019209,1
EAA00000139R,1019210,6
EAA00000139R,1019228,3
EAA00000139R,1019229,1
EAA00000139R,1019378,2
EAA00000139R,1019980,2
EAA00000139R,1024102,3
EAA00000139R,1024445,1
EAA00000139R,1026842,1
EAA00000139R,1027375,2
EAA00000139R,1027376,4
EAA00000139R,1028463,1
EAA00000139R,1029489,2
EAA00000139R,1041180,1
EAA00000139R,1043745,1
EAA00000139R,1043746,1
EAA00000139R,1046205,2
EAA00000139R,1046207,7
EAA00000139R,1046209,5
EAA00000139R,1051487,7
EAA00000139R,1053146,34
EAA00000139R,1053148,22
EAA00000139R,1053150,14
EAA00000139R,1056982,2
EAA00000139R,1056983,1
EAA00000139R,1056985,1
EAA00000139R,1076932,1
EAA00000139R,1083565,4
EAA00000139R,1200558,1
EAA00000139R,1200568,3
EAA00000139R,1200575,1
EAA00000139R,1200585,2
EAA00000139R,1200678,1
EAA00000139R,1212053,5
EAA00000139R,1212056,56
EAA00000139R,1212057,56
EAA00000139R,1212060,1
EAA00000139R,1212061,1
EAA00000139R,1212064,3
EAA00000139R,1212065,3
EAA00000139R,1212071,5
EAA00000139R,1213759,4
EAA00000139R,1213760,4
EAA00000139R,1213775,2
EAA00000139R,1213776,2
EAA00000139R,1216260,1
EAA00000139R,1216261,1
EAA00000139R,1216372,1
EAA00000139R,1216373,1
EAA00000139R,1220657,1
EAA00000139R,2016178,1
EAA00000139R,2024352,3
EAA00000139R,2027726,3
EAA00000139R,2027735,221
EAA00000139R,2033415,2
EAA00000139R,2034819,3
EAA00000139R,2034880,2
EAA00000139R,2047841,44
EAA00000139R,2050412,1
EAA00000139R,2066603,106
EAA00000139R,2067169,16
EAA00000139R,2071543,2
EAA00000139R,2071576,2
EAA00000139R,2074797,3
EAA00000139R,6025470,1
EAA00000139R,6035129,16
EAA00000139R,6035130,1
EAA00000139R,7083081,1
EAA00000139R,7083173,1
EAA00000139R,7083334,2
EAA00000139R,7083756,1
FCA00000154R,1016296,2
FCA00000154R,1019206,3
FCA00000154R,1024445,12
FCA00000154R,1026842,4
FCA00000154R,1028461,7
FCA00000154R,1040816,3
FCA00000154R,1041174,2
FCA00000154R,1041180,2
FCA00000154R,1044255,1
FCA00000154R,1044339,1
FCA00000154R,1044627,1
FCA00000154R,1044680,5
FCA00000154R,1051487,2
FCA00000154R,1060058,56
FCA00000154R,1060065,1
FCA00000154R,1060067,1
FCA00000154R,1060847,3
FCA00000154R,1061176,1
FCA00000154R,1061177,1
FCA00000154R,1086123,2
FCA00000154R,1086125,2
FCA00000154R,1200555,1
FCA00000154R,1200572,1
FCA00000154R,1200670,1
FCA00000154R,1200679,1
FCA00000154R,1207815,2
FCA00000154R,1212056,12
FCA00000154R,1212057,12
FCA00000154R,1212064,8
FCA00000154R,1212065,8
FCA00000154R,1212068,2
FCA00000154R,1212069,2
FCA00000154R,1213761,1
FCA00000154R,1213762,1
FCA00000154R,1216320,2
FCA00000154R,1216321,2
FCA00000154R,2016178,8
FCA00000154R,2020204,2
FCA00000154R,2020214,3
FCA00000154R,2023157,4
FCA00000154R,2024352,13
FCA00000154R,2027735,6
FCA00000154R,2028369,3
FCA00000154R,2033411,5
FCA00000154R,2039803,23
FCA00000154R,2046045,2
FCA00000154R,2047841,1
FCA00000154R,2057153,8
FCA00000154R,2067169,72
FCA00000154R,2099265,6
FCA00000154R,4040561,1
FCA00000154R,4071409,3
FCA00000154R,5307090,3
FCA00000154R,5309315,1
FCA00000154R,5314088,3
FCA00000154R,5321585,1
FCA00000154R,6011923,1
FCA00000154R,6021750,4
FCA00000154R,6023140,2
FCA00000154R,6025449,1
FCA00000154R,6025470,4
FCA00000154R,6025471,1
FCA00000154R,6025472,13
FCA00000154R,6025612,5
FCA00000154R,6025615,2
FCA00000154R,6025655,1
FCA00000154R,6025670,1
FCA00000154R,6026688,3
FCA00000154R,6026689,5
FCA00000154R,6026694,3
FCA00000154R,6026695,2
FCA00000154R,6027943,2
FCA00000154R,6027946,5
FCA00000154R,6035129,5
FCA00000154R,6035423,7
FCA00000154R,6035424,7
FCA00000154R,6035430,21
FCA00000154R,7082886,2
FCA00000154R,7083088,1
JAA00000339R,1018751,1
JAA00000339R,1018752,1
JAA00000339R,1019190,4
JAA00000339R,1019191,4
JAA00000339R,1024445,7
JAA00000339R,1085899,15
JAA00000339R,1212017,2
JAA00000339R,1212019,2
JAA00000339R,1212047,10
JAA00000339R,1212048,10
JAA00000339R,1212049,4
JAA00000339R,1212050,4
JAA00000339R,1212051,1
JAA00000339R,1212052,1
JAA00000339R,1212053,21
JAA00000339R,1212054,6
JAA00000339R,1212055,6
JAA00000339R,1212056,12
JAA00000339R,1212057,12
JAA00000339R,1212071,21
JAA00000339R,1213739,8
JAA00000339R,1213755,8
JAA00000339R,1213759,17
JAA00000339R,1213760,17
JAA00000339R,1213761,8
JAA00000339R,1213762,8
JAA00000339R,1213767,7
JAA00000339R,1213768,7
JAA00000339R,1213771,1
JAA00000339R,1213772,1
JAA00000339R,1221401,3
JAA00000339R,1221432,3
JAA00000339R,2016178,7
JAA00000339R,2020214,4
JAA00000339R,2024352,7
JAA00000339R,2067169,129
JAA00000339R,2099264,12
JAA00000339R,5307084,28
JAA00000339R,5307090,2
JAA00000339R,5307091,29
JAA00000339R,5308825,27
JAA00000339R,6021091,30
JAA00000339R,6023140,1
JAA00000339R,6025470,8
JAA00000339R,6025471,2
JAA00000339R,6025472,1
JAA00000339R,6025473,8
JDA00000108R,1019194,1
JDA00000108R,1019195,2
JDA00000108R,1020155,1
JDA00000108R,1024445,2
JDA00000108R,1027375,8
JDA00000108R,1027377,1
JDA00000108R,1051487,4
JDA00000108R,1059966,4
JDA00000108R,1060058,150
JDA00000108R,1060060,5
JDA00000108R,1061176,2
JDA00000108R,1061177,2
JDA00000108R,1063094,12
JDA00000108R,1063095,51
JDA00000108R,1068191,12
JDA00000108R,1076397,1
JDA00000108R,1081529,3
JDA00000108R,1085669,1
JDA00000108R,1085670,1
JDA00000108R,1085899,9
JDA00000108R,1085900,1
JDA00000108R,1212005,5
JDA00000108R,1212017,3
JDA00000108R,1212018,5
JDA00000108R,1212019,3
JDA00000108R,1212024,4
JDA00000108R,1212025,4
JDA00000108R,1212026,8
JDA00000108R,1212027,8
JDA00000108R,1212028,3
JDA00000108R,1212029,2
JDA00000108R,1212031,1
JDA00000108R,1212032,1
JDA00000108R,1212033,1
JDA00000108R,1212034,1
JDA00000108R,1212049,12
JDA00000108R,1212050,12
JDA00000108R,1212051,7
JDA00000108R,1212052,7
JDA00000108R,1212053,8
JDA00000108R,1212054,2
JDA00000108R,1212055,2
JDA00000108R,1212056,15
JDA00000108R,1212057,16
JDA00000108R,1212071,8
JDA00000108R,1213744,2
JDA00000108R,1213745,2
JDA00000108R,1213746,15
JDA00000108R,1213747,15
JDA00000108R,1213748,3
JDA00000108R,1213749,3
JDA00000108R,1213757,8
JDA00000108R,1213758,8
JDA00000108R,1213759,5
JDA00000108R,1213760,5
JDA00000108R,1213761,1
JDA00000108R,1213762,1
JDA00000108R,1213763,3
JDA00000108R,1213764,3
JDA00000108R,1213765,11
JDA00000108R,1213766,11
JDA00000108R,1213769,5
JDA00000108R,1213770,5
JDA00000108R,1213771,4
JDA00000108R,1213772,4
JDA00000108R,1213773,4
JDA00000108R,1213774,4
JDA00000108R,1213777,1
JDA00000108R,1213778,1
JDA00000108R,2016178,4
JDA00000108R,2027725,2
JDA00000108R,2033412,1
JDA00000108R,2033414,10
JDA00000108R,2034880,1
JDA00000108R,2039803,4
JDA00000108R,2047841,3
JDA00000108R,2066603,12
JDA00000108R,2067169,93
JDA00000108R,2071576,4
JDA00000108R,2099265,2
JDA00000108R,5307083,1
JDA00000108R,5307084,9
JDA00000108R,5309052,2
JDA00000108R,5309397,5
JDA00000108R,5309719,2
JDA00000108R,5311688,3
JDA00000108R,6023135,2
JDA00000108R,6023140,9
JDA00000108R,6025470,26
JDA00000108R,6025614,5
JDA00000108R,6025615,6
JDA00000108R,6026691,1
JDA00000108R,6035129,4
JDA00000108R,6035130,1
JDA00000108R,6045210,4
JDA00000108R,7083081,1
JDA00000229R,1016296,1
JDA00000229R,1018730,1
JDA00000229R,1019146,1
JDA00000229R,1019149,1
JDA00000229R,1019168,7
JDA00000229R,1019347,7
JDA00000229R,1024132,7
JDA00000229R,1026842,1
JDA00000229R,1027375,41
JDA00000229R,1028461,1
JDA00000229R,1044338,1
JDA00000229R,1044627,1
JDA00000229R,1044679,1
JDA00000229R,1044680,1
JDA00000229R,1047717,2
JDA00000229R,1050748,41
JDA00000229R,1059860,1
JDA00000229R,1059966,8
JDA00000229R,1060064,10
JDA00000229R,1060065,3
JDA00000229R,1061172,3
JDA00000229R,1061173,3
JDA00000229R,1062266,11
JDA00000229R,1062271,2
JDA00000229R,1062566,3
JDA00000229R,1063094,6
JDA00000229R,1063095,12
JDA00000229R,1068191,25
JDA00000229R,1081529,253
JDA00000229R,1085898,16
JDA00000229R,1085899,5
JDA00000229R,1085900,13
JDA00000229R,1090047,1
JDA00000229R,1098989,40
JDA00000229R,1099012,55
JDA00000229R,1099013,46
JDA00000229R,1099027,53
JDA00000229R,1099028,52
JDA00000229R,1099029,43
JDA00000229R,1099030,33
JDA00000229R,1099031,14
JDA00000229R,1099033,21
JDA00000229R,1099034,10
JDA00000229R,1102365,1
JDA00000229R,1103673,1
JDA00000229R,1200670,1
JDA00000229R,1207669,1
JDA00000229R,1207672,1
JDA00000229R,1212017,3
JDA00000229R,1212019,1
JDA00000229R,1212026,1
JDA00000229R,1212027,1
JDA00000229R,1212028,1
JDA00000229R,1212047,12
JDA00000229R,1212048,12
JDA00000229R,1212049,3
JDA00000229R,1212050,3
JDA00000229R,1212051,1
JDA00000229R,1212052,1
JDA00000229R,1212053,8
JDA00000229R,1212054,20
JDA00000229R,1212055,20
JDA00000229R,1212056,54
JDA00000229R,1212057,54
JDA00000229R,1212058,4
JDA00000229R,1212059,4
JDA00000229R,1212060,2
JDA00000229R,1212061,2
JDA00000229R,1212066,1
JDA00000229R,1212067,1
JDA00000229R,1212068,1
JDA00000229R,1212069,1
JDA00000229R,1212071,8
JDA00000229R,1213757,2
JDA00000229R,1213758,2
JDA00000229R,2024263,5
JDA00000229R,2033362,113
JDA00000229R,2033411,168
JDA00000229R,2033414,17
JDA00000229R,2033415,15
JDA00000229R,2034819,42
JDA00000229R,2034880,1
JDA00000229R,2039803,2
JDA00000229R,2046398,1
JDA00000229R,2047841,2
JDA00000229R,2066603,148
JDA00000229R,2067169,1
JDA00000229R,2069385,12
JDA00000229R,2076386,2
JDA00000229R,2076388,2
JDA00000229R,2099265,18
JDA00000229R,5307084,1
JDA00000229R,5309397,2
JDA00000229R,5311686,384
JDA00000229R,5311688,3
JDA00000229R,5311833,6
JDA00000229R,5311837,3
JDA00000229R,5330389,1
JDA00000229R,6022467,2
JDA00000229R,6023140,3
JDA00000229R,6025470,1
JDA00000229R,6025471,7
JDA00000229R,6025473,1
JDA00000229R,6025614,468
JDA00000229R,6025615,3
JDA00000229R,6025622,6
JDA00000229R,6025629,10
JDA00000229R,6026698,1
JDA00000229R,6027946,3
JDA00000229R,6035129,10
JDA00000229R,6035429,2
JDA00000229R,6035430,2
JDA00000229R,6051884,17
JDA00000229R,7082886,2
JLD00000002R,1027376,1
JLD00000002R,1212005,3
JLD00000002R,1212018,3
JLD00000002R,1212028,5
JLD00000002R,1212029,5
JLD00000002R,1212030,3
JLD00000002R,1212033,1
JLD00000002R,1212034,1
JLD00000002R,1212049,1
JLD00000002R,1212050,1
JLD00000002R,1212053,5
JLD00000002R,1212060,1
JLD00000002R,1212061,1
JLD00000002R,1212070,3
JLD00000002R,1212071,5
JLD00000002R,1213718,7
JLD00000002R,1213738,8
JLD00000002R,1213739,3
JLD00000002R,1213743,7
JLD00000002R,1213744,15
JLD00000002R,1213745,15
JLD00000002R,1213746,4
JLD00000002R,1213747,4
JLD00000002R,1213748,2
JLD00000002R,1213749,2
JLD00000002R,1213750,22
JLD00000002R,1213751,22
JLD00000002R,1213752,3
JLD00000002R,1213753,3
JLD00000002R,1213754,8
JLD00000002R,1213755,3
JLD00000002R,1213757,4
JLD00000002R,1213758,4
JLD00000002R,1213759,27
JLD00000002R,1213760,27
JLD00000002R,1213763,29
JLD00000002R,1213764,29
JLD00000002R,1213767,13
JLD00000002R,1213768,13
JLD00000002R,1216678,2
JLD00000002R,1216679,2
JLD00000002R,2034820,1
JLD00000002R,2066603,300
JLD00000002R,2067169,51
JLD00000002R,6035037,3
LAA00000022R,1016296,7
LAA00000022R,1019152,1
LAA00000022R,1019153,1
LAA00000022R,1019154,1
LAA00000022R,1019155,1
LAA00000022R,1019190,1
LAA00000022R,1019191,3
LAA00000022R,1019198,1
LAA00000022R,1019210,2
LAA00000022R,1022939,1
LAA00000022R,1022945,2
LAA00000022R,1024101,1
LAA00000022R,1024102,7
LAA00000022R,1024446,2
LAA00000022R,1024523,1
LAA00000022R,1026842,3
LAA00000022R,1027376,2
LAA00000022R,1029489,9
LAA00000022R,1042847,2
LAA00000022R,1042848,2
LAA00000022R,1046205,22
LAA00000022R,1046207,12
LAA00000022R,1046208,1
LAA00000022R,1046209,26
LAA00000022R,1050748,1
LAA00000022R,1051487,6
LAA00000022R,1056983,2
LAA00000022R,1083565,1
LAA00000022R,1200568,2
LAA00000022R,1200585,2
LAA00000022R,1200616,3
LAA00000022R,1200622,3
LAA00000022R,1200623,1
LAA00000022R,1200624,1
LAA00000022R,1212026,4
LAA00000022R,1212027,4
LAA00000022R,1212030,2
LAA00000022R,1212049,3
LAA00000022R,1212052,1
LAA00000022R,1212053,1
LAA00000022R,1212057,3
LAA00000022R,1212070,2
LAA00000022R,1212071,1
LAA00000022R,1213750,1
LAA00000022R,1213751,1
LAA00000022R,1213766,4
LAA00000022R,2020061,2
LAA00000022R,2020214,22
LAA00000022R,2034819,2
LAA00000022R,2047841,31
LAA00000022R,2067169,13
LAA00000022R,2071576,1
LAA00000022R,6025470,3
LAA00000022R,6025473,5
LAA00000022R,6027894,1
LAA00000022R,6027895,2
LAA00000022R,6035129,7
LAA00000022R,6035131,2
LAA00000022R,7083088,32
LAA00000022R,7088069,8
LAA00000023R,1020155,8
LAA00000023R,1024102,8
LAA00000023R,1029489,1
LAA00000023R,1044631,1
LAA00000023R,1044680,105
LAA00000023R,1056983,501
LAA00000023R,1056984,129
LAA00000023R,1056986,242
LAA00000023R,1058196,280
LAA00000023R,1058668,6
LAA00000023R,1062899,2
LAA00000023R,1069625,1
LAA00000023R,1085899,8
LAA00000023R,1085900,20
LAA00000023R,1086121,1
LAA00000023R,1086122,1
LAA00000023R,1086266,376
LAA00000023R,1095027,2
LAA00000023R,2027727,8
LAA00000023R,2027729,8
LAA00000023R,2034819,893
LAA00000023R,2034879,9
LAA00000023R,2039857,1
LAA00000023R,2039858,1
LAA00000023R,2067169,1
LAA00000023R,2103604,2
LAA00000023R,6025470,1
LAA00000023R,6035129,3
LAA00000023R,6035137,1
LAA00000023R,6042892,62
LAA00000023R,6042893,199
LAA00000023R,6042895,1
LAA00000023R,7083088,38
LCA00000111R,1024102,2
LCA00000111R,1043745,8
LCA00000111R,1043746,8
LCA00000111R,1046207,74
LCA00000111R,1046209,1
LCA00000111R,1053148,27
LCA00000111R,1056984,70
LCA00000111R,1095014,19
LCA00000111R,1203798,1
LCA00000111R,1203915,1
LCA00000111R,1212053,137
LCA00000111R,1212056,13
LCA00000111R,1212057,13
LCA00000111R,1212060,93
LCA00000111R,1212061,93
LCA00000111R,1212064,40
LCA00000111R,1212065,40
LCA00000111R,1212071,137
LCA00000111R,2016178,101
LCA00000111R,2020214,17
LCA00000111R,2028370,2
LCA00000111R,2031065,1
LCA00000111R,2033411,73
LCA00000111R,2047841,109
LCA00000111R,2067169,277
LCA00000111R,2073384,16
LCA00000111R,2074098,10
LCA00000111R,2074406,19
LCA00000111R,5315327,132
LCA00000111R,6021750,1
LCA00000111R,6031350,2
LCA00000111R,6035129,2
LCA00000111R,6035137,10
LCA00000111R,7083081,1
LCA00000111R,7083088,4
LCA00000111R,7083141,1
LCA00000131R,1024445,2
LCA00000131R,1083245,10
LCA00000131R,1083247,10
LCA00000131R,1207652,2
LCA00000131R,1212005,1
LCA00000131R,1212018,1
LCA00000131R,1212024,3
LCA00000131R,1212025,3
LCA00000131R,1212026,1
LCA00000131R,1212027,1
LCA00000131R,1212028,7
LCA00000131R,1212029,7
LCA00000131R,1212033,21
LCA00000131R,1212034,21
LCA00000131R,1212053,1
LCA00000131R,1212056,1
LCA00000131R,1212057,1
LCA00000131R,1212071,1
LCA00000131R,1220641,4
LCA00000131R,1220645,38
LCA00000131R,1220648,12
LCA00000131R,1220649,4
LCA00000131R,1220654,4
LCA00000131R,1220658,38
LCA00000131R,1220661,12
LCA00000131R,1220676,4
LCA00000131R,2016179,2
LCA00000131R,2023154,60
LCA00000131R,2024352,2
LCA00000131R,2033674,50
LCA00000131R,2046398,2
LCA00000131R,2067169,122
LCA00000131R,2077387,108
LCA00000131R,6026691,3
LCA00000131R,6026699,1
LCA00000131R,7083082,2
QJA00000063R,1019192,1
QJA00000063R,1019193,1
QJA00000063R,1024101,2
QJA00000063R,1024599,19
QJA00000063R,1024600,19
QJA00000063R,1046205,2
QJA00000063R,1046207,4
QJA00000063R,1046209,14
QJA00000063R,1081529,36
QJA00000063R,1083565,2
QJA00000063R,1085898,4
QJA00000063R,1200568,5
QJA00000063R,1200570,2
QJA00000063R,1200585,5
QJA00000063R,1200597,2
QJA00000063R,1212005,2
QJA00000063R,1212017,12
QJA00000063R,1212018,2
QJA00000063R,1212019,12
QJA00000063R,1212024,1
QJA00000063R,1212025,1
QJA00000063R,1212026,1
QJA00000063R,1212027,1
QJA00000063R,1212028,1
QJA00000063R,1212029,1
QJA00000063R,1212030,2
QJA00000063R,1212031,1
QJA00000063R,1212032,1
QJA00000063R,1212033,6
QJA00000063R,1212034,6
QJA00000063R,1212047,2
QJA00000063R,1212048,2
QJA00000063R,1212049,9
QJA00000063R,1212050,9
QJA00000063R,1212051,8
QJA00000063R,1212052,8
QJA00000063R,1212053,29
QJA00000063R,1212054,47
QJA00000063R,1212055,47
QJA00000063R,1212056,12
QJA00000063R,1212057,12
QJA00000063R,1212060,23
QJA00000063R,1212061,23
QJA00000063R,1212062,20
QJA00000063R,1212063,20
QJA00000063R,1212064,63
QJA00000063R,1212065,63
QJA00000063R,1212070,2
QJA00000063R,1212071,30
QJA00000063R,1213767,6
QJA00000063R,1213768,6
QJA00000063R,1220684,1
QJA00000063R,1220698,1
QJA00000063R,2020214,9
QJA00000063R,2024352,5
QJA00000063R,2027735,2
QJA00000063R,2031065,2
QJA00000063R,2033362,36
QJA00000063R,2034879,1
QJA00000063R,2034880,2
QJA00000063R,2047841,18
QJA00000063R,2067169,192
QJA00000063R,2074406,2
QJA00000063R,2076386,4
QJA00000063R,2076388,4
QJA00000063R,2077387,2
QJA00000063R,6025470,2
QJA00000063R,6025471,1
QJA00000063R,6025472,3
QJA00000063R,6035037,12
QJA00000063R,6035129,3
QJA00000063R,6035130,4
QJA00000063R,6035136,2
SAA00000005R,1018902,2
SAA00000005R,1018903,2
SAA00000005R,1019198,4
SAA00000005R,1019202,1
SAA00000005R,1019210,2
SAA00000005R,1022794,1
SAA00000005R,1022939,2
SAA00000005R,1022945,2
SAA00000005R,1024101,2
SAA00000005R,1024446,275
SAA00000005R,1024599,4
SAA00000005R,1024600,4
SAA00000005R,1026842,72
SAA00000005R,1027196,861
SAA00000005R,1027375,2
SAA00000005R,1027377,2
SAA00000005R,1029490,5
SAA00000005R,1042848,2
SAA00000005R,1043108,1
SAA00000005R,1043745,13
SAA00000005R,1043746,1
SAA00000005R,1043800,12
SAA00000005R,1046205,4
SAA00000005R,1046209,11
SAA00000005R,1047533,5
SAA00000005R,1047717,5
SAA00000005R,1053148,4
SAA00000005R,1056982,2
SAA00000005R,1056983,20
SAA00000005R,1060319,25
SAA00000005R,1062566,50
SAA00000005R,1068191,174
SAA00000005R,1076398,4
SAA00000005R,1085673,20
SAA00000005R,1085674,20
SAA00000005R,1098989,1
SAA00000005R,1099013,4
SAA00000005R,1200558,1
SAA00000005R,1200568,2
SAA00000005R,1200575,1
SAA00000005R,1200585,2
SAA00000005R,1200616,64
SAA00000005R,1200622,65
SAA00000005R,1200628,3
SAA00000005R,1200655,3
SAA00000005R,1201590,5
SAA00000005R,1203447,5
SAA00000005R,1203792,1
SAA00000005R,1205153,1
SAA00000005R,1212028,2
SAA00000005R,1212029,2
SAA00000005R,1212033,1
SAA00000005R,1212034,1
SAA00000005R,1212041,2
SAA00000005R,1212054,132
SAA00000005R,1212055,132
SAA00000005R,1212056,4
SAA00000005R,1212057,4
SAA00000005R,1213759,2
SAA00000005R,1213760,2
SAA00000005R,1213763,2
SAA00000005R,1213764,2
SAA00000005R,1216318,2
SAA00000005R,1216319,2
SAA00000005R,2016178,1131
SAA00000005R,2020061,80
SAA00000005R,2020214,2
SAA00000005R,2024352,1077
SAA00000005R,2027357,1
SAA00000005R,2027725,6
SAA00000005R,2027726,2
SAA00000005R,2027735,250
SAA00000005R,2028204,1
SAA00000005R,2031065,11
SAA00000005R,2033362,21
SAA00000005R,2033414,2
SAA00000005R,2033416,2
SAA00000005R,2039803,6
SAA00000005R,2047841,9
SAA00000005R,2048430,2
SAA00000005R,2058355,2
SAA00000005R,2060712,1
SAA00000005R,2067169,249
SAA00000005R,2074406,4
SAA00000005R,5311684,90
SAA00000005R,6021750,2
SAA00000005R,6023206,1
SAA00000005R,6025472,1
SAA00000005R,6025473,1
SAA00000005R,6025618,90
SAA00000005R,6025632,8
SAA00000005R,6035037,2
SAA00000005R,6035129,4
SAA00000005R,6035130,10
SAA00000005R,6035137,50
SAA00000005R,6045193,4
SAA00000005R,7021907,1
SAA00000005R,7083081,1
SAA00000005R,7083088,14
SAA00000038R,1018743,1
SAA00000038R,1018744,1
SAA00000038R,1019985,1
SAA00000038R,1019989,2
SAA00000038R,1027376,2
SAA00000038R,1029493,1
SAA00000038R,1052662,1
SAA00000038R,1056982,1
SAA00000038R,1058196,1
SAA00000038R,1060058,6
SAA00000038R,1060063,6
SAA00000038R,1060065,6
SAA00000038R,1060847,2
SAA00000038R,1062566,32
SAA00000038R,1085669,3
SAA00000038R,1085670,3
SAA00000038R,1085671,1
SAA00000038R,1085672,1
SAA00000038R,1099013,56
SAA00000038R,1099031,8
SAA00000038R,1099033,1
SAA00000038R,1099034,1
SAA00000038R,1212026,3
SAA00000038R,1212027,3
SAA00000038R,1212037,5
SAA00000038R,1212038,5
SAA00000038R,1212049,1
SAA00000038R,1212053,1
SAA00000038R,1212071,1
SAA00000038R,1213759,2
SAA00000038R,1213760,2
SAA00000038R,1213761,3
SAA00000038R,1213762,3
SAA00000038R,1213763,2
SAA00000038R,1213764,2
SAA00000038R,1213765,1
SAA00000038R,1213766,1
SAA00000038R,1216320,2
SAA00000038R,1216321,2
SAA00000038R,1216338,2
SAA00000038R,1216339,2
SAA00000038R,1216342,1
SAA00000038R,1216343,1
SAA00000038R,1221427,3
SAA00000038R,1221430,12
SAA00000038R,1221436,3
SAA00000038R,1221439,12
SAA00000038R,2016178,6
SAA00000038R,2020061,1
SAA00000038R,2020204,8
SAA00000038R,2020214,2
SAA00000038R,2027735,67
SAA00000038R,2028370,2
SAA00000038R,2031065,9
SAA00000038R,2033362,1
SAA00000038R,2033415,1
SAA00000038R,2034879,13
SAA00000038R,2034880,1
SAA00000038R,2039803,6
SAA00000038R,2039857,7
SAA00000038R,2067169,47
SAA00000038R,2074406,2
SAA00000038R,4040561,1
SAA00000038R,5311683,4
SAA00000038R,5311684,1
SAA00000038R,5311688,2
SAA00000038R,5311837,2
SAA00000038R,5330389,122
SAA00000038R,6025470,1
SAA00000038R,6025471,8
SAA00000038R,6025612,10
SAA00000038R,6025614,100
SAA00000038R,6025615,2
SAA00000038R,6025618,5
SAA00000038R,6025632,12
SAA00000038R,6026691,3
SAA00000038R,6033231,1
SAA00000038R,6035037,1
SAA00000038R,7083088,1
SEA00000070R,1019198,6
SEA00000070R,1019199,4
SEA00000070R,1019206,6
SEA00000070R,1019207,6
SEA00000070R,1019224,1
SEA00000070R,1019225,1
SEA00000070R,1022939,2
SEA00000070R,1022943,2
SEA00000070R,1026842,373
SEA00000070R,1029489,1
SEA00000070R,1042847,61
SEA00000070R,1042848,73
SEA00000070R,1046205,1
SEA00000070R,1046209,4
SEA00000070R,1076932,1
SEA00000070R,1200616,371
SEA00000070R,1200619,10
SEA00000070R,1200622,364
SEA00000070R,1202210,2
SEA00000070R,1202211,2
SEA00000070R,1212026,4
SEA00000070R,1212027,4
SEA00000070R,1212058,1
SEA00000070R,1212059,1
SEA00000070R,1212060,4
SEA00000070R,1212061,4
SEA00000070R,2020061,368
SEA00000070R,2020214,104
SEA00000070R,2024352,1
SEA00000070R,2027782,3
SEA00000070R,2031065,12
SEA00000070R,2033673,10
SEA00000070R,2033674,2
SEA00000070R,2066603,8
SEA00000070R,2067169,11
SEA00000070R,2074362,4
SEA00000070R,6021750,2
SEA00000070R,6035037,3
SEA00000070R,6035129,41
SEA00000070R,6035951,2
SGA00000026R,1019224,1
SGA00000026R,1019225,1
SGA00000026R,1024101,52
SGA00000026R,1024445,18
SGA00000026R,1027376,2
SGA00000026R,1029489,79
SGA00000026R,1044680,1
SGA00000026R,1073114,2
SGA00000026R,1073116,2
SGA00000026R,1212024,8
SGA00000026R,1212025,8
SGA00000026R,1212033,2
SGA00000026R,1212034,2
SGA00000026R,1212037,34
SGA00000026R,1212038,34
SGA00000026R,1212041,38
SGA00000026R,1212042,38
SGA00000026R,1212045,14
SGA00000026R,1212046,14
SGA00000026R,1212047,2
SGA00000026R,1212048,2
SGA00000026R,1212049,1
SGA00000026R,1212050,1
SGA00000026R,1212053,1
SGA00000026R,1212054,1
SGA00000026R,1212055,1
SGA00000026R,1212056,20
SGA00000026R,1212057,20
SGA00000026R,1212060,377
SGA00000026R,1212061,377
SGA00000026R,1212064,21
SGA00000026R,1212065,21
SGA00000026R,1212071,1
SGA00000026R,1216324,2
SGA00000026R,1216325,2
SGA00000026R,2016178,101
SGA00000026R,2020061,4
SGA00000026R,2020214,1
SGA00000026R,2024352,132
SGA00000026R,2028204,12
SGA00000026R,2028369,12
SGA00000026R,2028370,2
SGA00000026R,2033362,2
SGA00000026R,2067169,544
SGA00000026R,2077387,4
SGA00000026R,2084288,16
SGA00000026R,6021750,2
SGA00000026R,6035129,12
SGA00000026R,6035130,2
SGA00000026R,6055314,4
SGA00000026R,7021907,8
SGA00000026R,7083088,1
SHA00000001R,1016296,2
SHA00000001R,1017064,1
SHA00000001R,1017065,1
SHA00000001R,1019172,2
SHA00000001R,1019173,2
SHA00000001R,1024101,1
SHA00000001R,1026842,1
SHA00000001R,1029489,9
SHA00000001R,1041181,2
SHA00000001R,1044255,15
SHA00000001R,1044338,16
SHA00000001R,1044627,1
SHA00000001R,1044680,42
SHA00000001R,1056982,2
SHA00000001R,1056985,1
SHA00000001R,1059966,4
SHA00000001R,1060065,24
SHA00000001R,1061173,2
SHA00000001R,1061176,-6
SHA00000001R,1061177,-6
SHA00000001R,1061178,-20
SHA00000001R,1061179,-20
SHA00000001R,1062899,2
SHA00000001R,1068191,55
SHA00000001R,1070646,-1
SHA00000001R,1070647,-1
SHA00000001R,1076397,24
SHA00000001R,1081529,246
SHA00000001R,1085901,2
SHA00000001R,1086123,1
SHA00000001R,1086125,1
SHA00000001R,1086266,21
SHA00000001R,1092343,1
SHA00000001R,1092344,1
SHA00000001R,1200616,1
SHA00000001R,1200622,1
SHA00000001R,1212005,8
SHA00000001R,1212018,8
SHA00000001R,1212039,18
SHA00000001R,1212040,18
SHA00000001R,1212047,6
SHA00000001R,1212048,6
SHA00000001R,1212049,71
SHA00000001R,1212050,71
SHA00000001R,1212051,9
SHA00000001R,1212052,9
SHA00000001R,1212053,24
SHA00000001R,1212054,26
SHA00000001R,1212055,26
SHA00000001R,1212056,82
SHA00000001R,1212057,82
SHA00000001R,1212060,2
SHA00000001R,1212061,2
SHA00000001R,1212062,4
SHA00000001R,1212063,4
SHA00000001R,1212064,3
SHA00000001R,1212065,3
SHA00000001R,1212066,2
SHA00000001R,1212067,2
SHA00000001R,1212071,24
SHA00000001R,1213739,1
SHA00000001R,1213744,1
SHA00000001R,1213745,1
SHA00000001R,1213746,1
SHA00000001R,1213747,1
SHA00000001R,1213748,1
SHA00000001R,1213749,1
SHA00000001R,1213750,7
SHA00000001R,1213751,7
SHA00000001R,1213752,2
SHA00000001R,1213753,2
SHA00000001R,1213755,1
SHA00000001R,1213757,3
SHA00000001R,1213758,3
SHA00000001R,1213759,12
SHA00000001R,1213760,12
SHA00000001R,1213761,4
SHA00000001R,1213762,4
SHA00000001R,1213763,29
SHA00000001R,1213764,29
SHA00000001R,1213765,2
SHA00000001R,1213766,2
SHA00000001R,1213767,3
SHA00000001R,1213768,3
SHA00000001R,1213769,6
SHA00000001R,1213770,6
SHA00000001R,1213771,1
SHA00000001R,1213772,1
SHA00000001R,1213775,1
SHA00000001R,1213776,1
SHA00000001R,2016178,3
SHA00000001R,2016179,3
SHA00000001R,2018105,2
SHA00000001R,2023157,14
SHA00000001R,2024352,3
SHA00000001R,2027735,21
SHA00000001R,2028204,1
SHA00000001R,2028369,10
SHA00000001R,2031065,2
SHA00000001R,2033362,246
SHA00000001R,2033415,1
SHA00000001R,2034879,2
SHA00000001R,2034880,1
SHA00000001R,2039857,1
SHA00000001R,2039858,1
SHA00000001R,2045402,1
SHA00000001R,2046197,2
SHA00000001R,2052804,13
SHA00000001R,2066603,602
SHA00000001R,2067169,188
SHA00000001R,4031608,4
SHA00000001R,4071409,3
SHA00000001R,5308938,5
SHA00000001R,5309314,2
SHA00000001R,5309397,87
SHA00000001R,5309516,4
SHA00000001R,5309719,1
SHA00000001R,5311686,15
SHA00000001R,5311687,7
SHA00000001R,5311688,102
SHA00000001R,5311837,19
SHA00000001R,5330389,98
SHA00000001R,6023135,1
SHA00000001R,6025449,1
SHA00000001R,6025470,9
SHA00000001R,6025472,9
SHA00000001R,6025612,143
SHA00000001R,6025614,56
SHA00000001R,6025615,102
SHA00000001R,6025629,60
SHA00000001R,6025635,18
SHA00000001R,6025655,7
SHA00000001R,6025670,1
SHA00000001R,6026691,2
SHA00000001R,6027946,4
SHA00000001R,6035129,9
SHA00000001R,6035136,28
SHA00000001R,6035137,45
SHA00000001R,6045193,1
SHA00000001R,7082881,2
SHA00000001R,7082886,1
SHA00000001R,7088069,2
SQA00000008R,1018745,1
SQA00000008R,1018746,1
SQA00000008R,1019156,2
SQA00000008R,1019157,2
SQA00000008R,1019170,1
SQA00000008R,1019171,1
SQA00000008R,1019192,3
SQA00000008R,1019193,3
SQA00000008R,1019196,1
SQA00000008R,1019197,1
SQA00000008R,1019202,69
SQA00000008R,1019203,69
SQA00000008R,1019206,17
SQA00000008R,1019207,17
SQA00000008R,1019216,2
SQA00000008R,1019217,1
SQA00000008R,1019228,32
SQA00000008R,1019229,33
SQA00000008R,1024101,76
SQA00000008R,1024102,2
SQA00000008R,1024445,50
SQA00000008R,1024601,2
SQA00000008R,1024602,2
SQA00000008R,1024605,2
SQA00000008R,1024606,2
SQA00000008R,1027375,8
SQA00000008R,1029489,24
SQA00000008R,1029490,0
SQA00000008R,1041180,12
SQA00000008R,1044679,1
SQA00000008R,1044680,21
SQA00000008R,1046207,23
SQA00000008R,1046209,130
SQA00000008R,1053146,143
SQA00000008R,1053148,70
SQA00000008R,1056982,7
SQA00000008R,1056985,2
SQA00000008R,1058196,2
SQA00000008R,1060066,2
SQA00000008R,1076397,24
SQA00000008R,1083565,7
SQA00000008R,1083567,2
SQA00000008R,1085899,3
SQA00000008R,1200558,21
SQA00000008R,1200563,1
SQA00000008R,1200568,28
SQA00000008R,1200575,21
SQA00000008R,1200580,1
SQA00000008R,1200585,27
SQA00000008R,1212017,14
SQA00000008R,1212019,14
SQA00000008R,1212026,4
SQA00000008R,1212027,4
SQA00000008R,1212033,4
SQA00000008R,1212034,4
SQA00000008R,1212035,8
SQA00000008R,1212036,8
SQA00000008R,1212047,22
SQA00000008R,1212048,18
SQA00000008R,1212049,26
SQA00000008R,1212050,26
SQA00000008R,1212051,4
SQA00000008R,1212052,4
SQA00000008R,1212053,85
SQA00000008R,1212054,28
SQA00000008R,1212055,28
SQA00000008R,1212056,182
SQA00000008R,1212057,178
SQA00000008R,1212058,6
SQA00000008R,1212059,6
SQA00000008R,1212060,125
SQA00000008R,1212061,125
SQA00000008R,1212064,220
SQA00000008R,1212065,221
SQA00000008R,1212066,1
SQA00000008R,1212067,1
SQA00000008R,1212068,1
SQA00000008R,1212069,1
SQA00000008R,1212071,86
SQA00000008R,1213718,1
SQA00000008R,1213743,1
SQA00000008R,1213750,2
SQA00000008R,1213751,2
SQA00000008R,1220644,4
SQA00000008R,1220645,3
SQA00000008R,1220646,12
SQA00000008R,1220647,1
SQA00000008R,1220648,27
SQA00000008R,1220649,3
SQA00000008R,1220650,2
SQA00000008R,1220651,2
SQA00000008R,1220657,4
SQA00000008R,1220658,3
SQA00000008R,1220659,12
SQA00000008R,1220660,1
SQA00000008R,1220661,27
SQA00000008R,1220662,2
SQA00000008R,1220663,2
SQA00000008R,1220676,3
SQA00000008R,2016178,353
SQA00000008R,2016179,71
SQA00000008R,2016180,2
SQA00000008R,2020061,10
SQA00000008R,2020204,2
SQA00000008R,2020214,113
SQA00000008R,2024352,73
SQA00000008R,2027357,7
SQA00000008R,2027405,2
SQA00000008R,2027726,47
SQA00000008R,2028369,6
SQA00000008R,2033415,1
SQA00000008R,2034820,2
SQA00000008R,2034879,3
SQA00000008R,2047841,358
SQA00000008R,2067169,726
SQA00000008R,2074406,1
SQA00000008R,2074797,1
SQA00000008R,2077387,94
SQA00000008R,2077388,12
SQA00000008R,2080905,16
SQA00000008R,2099264,2
SQA00000008R,2102275,1
SQA00000008R,2102844,7
SQA00000008R,6021750,7
SQA00000008R,6023206,3
SQA00000008R,6025470,8
SQA00000008R,6025472,3
SQA00000008R,6026284,1
SQA00000008R,6035037,1
SQA00000008R,6035129,32
SQA00000008R,6035130,3
SQA00000008R,6038239,1
SQA00000008R,6044607,236
SQA00000008R,7021907,32
SQA00000008R,7083081,3
SQA00000008R,7083088,2
SQA00000008R,7083091,1
SQA00000008R,7088069,2
SQA00000011R,1019192,2
SQA00000011R,1019193,2
SQA00000011R,1019194,2
SQA00000011R,1019195,2
SQA00000011R,1019196,6
SQA00000011R,1019197,5
SQA00000011R,1019198,0
SQA00000011R,1019199,0
SQA00000011R,1019200,21
SQA00000011R,1019201,23
SQA00000011R,1019202,3
SQA00000011R,1019203,3
SQA00000011R,1019206,1
SQA00000011R,1019207,1
SQA00000011R,1019208,3
SQA00000011R,1019209,4
SQA00000011R,1019210,2
SQA00000011R,1019211,2
SQA00000011R,1024101,0
SQA00000011R,1024102,0
SQA00000011R,1024446,10
SQA00000011R,1027375,3
SQA00000011R,1029351,0
SQA00000011R,1029352,0
SQA00000011R,1044255,2
SQA00000011R,1044338,3
SQA00000011R,1044680,2
SQA00000011R,1046205,3
SQA00000011R,1046207,19
SQA00000011R,1046209,5
SQA00000011R,1056984,1
SQA00000011R,1076398,8
SQA00000011R,1083565,17
SQA00000011R,1095014,4
SQA00000011R,1207649,0
SQA00000011R,1212017,0
SQA00000011R,1212019,0
SQA00000011R,1212024,1
SQA00000011R,1212025,1
SQA00000011R,1212030,2
SQA00000011R,1212033,2
SQA00000011R,1212034,2
SQA00000011R,1212035,2
SQA00000011R,1212036,2
SQA00000011R,1212037,1
SQA00000011R,1212038,1
SQA00000011R,1212039,7
SQA00000011R,1212040,7
SQA00000011R,1212041,2
SQA00000011R,1212042,2
SQA00000011R,1212049,0
SQA00000011R,1212050,0
SQA00000011R,1212051,5
SQA00000011R,1212052,5
SQA00000011R,1212053,1
SQA00000011R,1212056,44
SQA00000011R,1212057,44
SQA00000011R,1212058,0
SQA00000011R,1212059,0
SQA00000011R,1212060,106
SQA00000011R,1212061,106
SQA00000011R,1212070,2
SQA00000011R,1212071,1
SQA00000011R,1216324,0
SQA00000011R,1216325,0
SQA00000011R,1216366,1
SQA00000011R,1216367,1
SQA00000011R,1216370,1
SQA00000011R,1216371,1
SQA00000011R,1220645,39
SQA00000011R,1220648,72
SQA00000011R,1220658,39
SQA00000011R,1220661,72
SQA00000011R,1221407,1
SQA00000011R,1221408,1
SQA00000011R,1221414,2
SQA00000011R,1221421,2
SQA00000011R,2016178,31
SQA00000011R,2020214,67
SQA00000011R,2024352,0
SQA00000011R,2028369,9
SQA00000011R,2033362,2
SQA00000011R,2034879,2
SQA00000011R,2039803,1
SQA00000011R,2039857,2
SQA00000011R,2047444,0
SQA00000011R,2047841,23
SQA00000011R,2067169,279
SQA00000011R,2074406,8
SQA00000011R,2074797,21
SQA00000011R,2077387,230
SQA00000011R,6021750,1
SQA00000011R,6035037,0
SQA00000011R,6035129,1
SQA00000011R,6035130,0
SQA00000011R,6035423,1
SQA00000011R,6035424,1
SQA00000011R,6044607,36
SQA00000011R,6045210,4
SQA00000011R,6050836,20
SQA00000011R,7083081,1
SQA00000011R,7083088,1
SQA00000067R,1019152,2
SQA00000067R,1019153,2
SQA00000067R,1019156,12
SQA00000067R,1019256,12
SQA00000067R,1019975,1
SQA00000067R,1026842,2
SQA00000067R,1046207,24
SQA00000067R,1048539,1
SQA00000067R,1048540,1
SQA00000067R,1056982,1
SQA00000067R,1200557,16
SQA00000067R,1200574,16
SQA00000067R,1201590,1
SQA00000067R,1201591,1
SQA00000067R,1202018,1
SQA00000067R,1202019,1
SQA00000067R,1203819,6
SQA00000067R,1206178,6
SQA00000067R,1212017,1
SQA00000067R,1212019,1
SQA00000067R,1212028,6
SQA00000067R,1212029,6
SQA00000067R,1212037,3
SQA00000067R,1212038,3
SQA00000067R,1212041,1
SQA00000067R,1212042,1
SQA00000067R,1212047,6
SQA00000067R,1212048,6
SQA00000067R,1212051,3
SQA00000067R,1212052,3
SQA00000067R,1212053,38
SQA00000067R,1212054,3
SQA00000067R,1212055,3
SQA00000067R,1212056,5
SQA00000067R,1212057,5
SQA00000067R,1212060,8
SQA00000067R,1212061,8
SQA00000067R,1212064,5
SQA00000067R,1212065,5
SQA00000067R,1212071,38
SQA00000067R,1220683,8
SQA00000067R,1220684,7
SQA00000067R,1220710,8
SQA00000067R,1220711,7
SQA00000067R,2016178,2
SQA00000067R,2016179,2
SQA00000067R,2018105,144
SQA00000067R,2020214,56
SQA00000067R,2024352,4
SQA00000067R,2027302,4
SQA00000067R,2027782,2
SQA00000067R,2031065,2
SQA00000067R,2033415,1
SQA00000067R,2033671,3
SQA00000067R,2047841,24
SQA00000067R,2066603,12
SQA00000067R,2067169,127
SQA00000067R,2077387,30
SQA00000067R,2080905,22
SQA00000067R,2100900,2
SQA00000067R,6021750,2
SQA00000067R,6026690,2
SQA00000067R,6035129,5
SQA00000067R,6035130,2
SQA00000067R,6035200,10
SQA00000067R,6035951,1
SQA00000067R,6050836,3
SQA00000067R,6051884,3
SQA00000067R,6051885,1
SQA00000067R,7021907,148
SQA00000067R,7083081,1
SQA00000067R,7088069,4
TJA00000025R,1019192,2
TJA00000025R,1019193,2
TJA00000025R,1019194,1
TJA00000025R,1019195,1
TJA00000025R,1019200,2
TJA00000025R,1019201,2
TJA00000025R,1024101,2
TJA00000025R,1029489,9
TJA00000025R,1041174,28
TJA00000025R,1046205,13
TJA00000025R,1068191,3
TJA00000025R,1076397,5
TJA00000025R,1076398,2
TJA00000025R,1085669,3
TJA00000025R,1085670,3
TJA00000025R,1085671,2
TJA00000025R,1085672,2
TJA00000025R,1085673,24
TJA00000025R,1085674,24
TJA00000025R,1086118,14
TJA00000025R,1086119,14
TJA00000025R,1212005,1
TJA00000025R,1212017,15
TJA00000025R,1212018,1
TJA00000025R,1212019,15
TJA00000025R,1212030,8
TJA00000025R,1212031,1
TJA00000025R,1212032,1
TJA00000025R,1212033,7
TJA00000025R,1212034,7
TJA00000025R,1212041,1
TJA00000025R,1212042,1
TJA00000025R,1212047,9
TJA00000025R,1212048,9
TJA00000025R,1212049,24
TJA00000025R,1212050,24
TJA00000025R,1212051,18
TJA00000025R,1212052,18
TJA00000025R,1212053,4
TJA00000025R,1212054,13
TJA00000025R,1212055,13
TJA00000025R,1212056,52
TJA00000025R,1212057,52
TJA00000025R,1212058,15
TJA00000025R,1212059,16
TJA00000025R,1212060,55
TJA00000025R,1212061,55
TJA00000025R,1212064,3
TJA00000025R,1212065,3
TJA00000025R,1212070,8
TJA00000025R,1212071,4
TJA00000025R,1213757,73
TJA00000025R,1213758,73
TJA00000025R,1213759,5
TJA00000025R,1213760,4
TJA00000025R,1213767,2
TJA00000025R,1213768,2
TJA00000025R,2016178,2
TJA00000025R,2016179,2
TJA00000025R,2018307,4
TJA00000025R,2020204,1
TJA00000025R,2020214,1
TJA00000025R,2024352,2
TJA00000025R,2027725,5
TJA00000025R,2027735,53
TJA00000025R,2028370,3
TJA00000025R,2034880,2
TJA00000025R,2046045,28
TJA00000025R,2047841,14
TJA00000025R,2049777,2
TJA00000025R,2066603,2
TJA00000025R,2067169,332
TJA00000025R,2074098,28
TJA00000025R,2074228,3
TJA00000025R,2074406,2
TJA00000025R,2074797,5
TJA00000025R,5314068,5
TJA00000025R,6025448,2
TJA00000025R,6025472,74
TJA00000025R,6026691,7
TJA00000025R,6027944,1
TJA00000025R,6035129,9
TJA00000025R,6035423,5
TJA00000025R,6035424,3
TJA00000025R,7083088,1
UBA00000003R,1016296,15
UBA00000003R,1018745,4
UBA00000003R,1018746,4
UBA00000003R,1018902,2
UBA00000003R,1018903,2
UBA00000003R,1019152,2
UBA00000003R,1019153,2
UBA00000003R,1019190,56
UBA00000003R,1019191,60
UBA00000003R,1019198,63
UBA00000003R,1019199,63
UBA00000003R,1019202,12
UBA00000003R,1019203,12
UBA00000003R,1019204,2
UBA00000003R,1019205,2
UBA00000003R,1041180,12
UBA00000003R,1041181,8
UBA00000003R,1100054,1
UBA00000003R,1100245,1
UBA00000003R,1100246,1
UBA00000003R,1100247,1
UBA00000003R,1102641,1
UBA00000003R,1105411,1
UBA00000003R,1200558,85
UBA00000003R,1200575,85
UBA00000003R,1212017,16
UBA00000003R,1212019,16
UBA00000003R,1212024,10
UBA00000003R,1212025,10
UBA00000003R,1212030,6
UBA00000003R,1212035,4
UBA00000003R,1212036,4
UBA00000003R,1212037,2
UBA00000003R,1212038,2
UBA00000003R,1212047,30
UBA00000003R,1212048,30
UBA00000003R,1212051,6
UBA00000003R,1212052,6
UBA00000003R,1212053,48
UBA00000003R,1212056,16
UBA00000003R,1212057,16
UBA00000003R,1212058,8
UBA00000003R,1212059,8
UBA00000003R,1212070,6
UBA00000003R,1212071,48
UBA00000003R,2020214,109
UBA00000003R,2027405,24
UBA00000003R,2031065,91
UBA00000003R,2066603,250
UBA00000003R,4033016,4
UBA00000003R,4040561,10
UBA00000003R,5301435,544
UBA00000003R,5307085,20
UBA00000003R,6021750,14
UBA00000003R,6027952,20
UBA00000003R,7082843,4
UBA00000003R,7082903,4
UBA00000003R,7082926,130
UBA00000003R,7082975,108
UBA00000003R,7082976,80
UBA00000003R,7083009,24
UBA00000003R,7083010,24
UBA00000003R,7083251,116
UBA00000003R,7083500,12
UBA00000003R,7083593,4
UBA00000003R,7083597,32
UBA00000003R,7083606,32
UCA00000124R,1016296,17
UCA00000124R,1019190,1
UCA00000124R,1019191,1
UCA00000124R,1019204,1
UCA00000124R,1019205,1
UCA00000124R,1024445,2
UCA00000124R,1027376,2
UCA00000124R,1028463,2
UCA00000124R,1029489,7
UCA00000124R,1029490,8
UCA00000124R,1041180,23
UCA00000124R,1044255,8
UCA00000124R,1044339,10
UCA00000124R,1044629,1
UCA00000124R,1044679,1
UCA00000124R,1044680,41
UCA00000124R,1051487,10
UCA00000124R,1056982,1
UCA00000124R,1056984,1
UCA00000124R,1056985,183
UCA00000124R,1058668,13
UCA00000124R,1059966,5
UCA00000124R,1060058,246
UCA00000124R,1060059,297
UCA00000124R,1060064,245
UCA00000124R,1060065,2
UCA00000124R,1061176,2
UCA00000124R,1061177,3
UCA00000124R,1061178,11
UCA00000124R,1061179,11
UCA00000124R,1062566,54
UCA00000124R,1068191,63
UCA00000124R,1070116,35
UCA00000124R,1076397,2
UCA00000124R,1076930,38
UCA00000124R,1081529,58
UCA00000124R,1084198,4
UCA00000124R,1084199,4
UCA00000124R,1085667,2
UCA00000124R,1085668,2
UCA00000124R,1085669,72
UCA00000124R,1085670,72
UCA00000124R,1085671,6
UCA00000124R,1085672,6
UCA00000124R,1085673,2
UCA00000124R,1085674,2
UCA00000124R,1085898,6
UCA00000124R,1085899,86
UCA00000124R,1085900,182
UCA00000124R,1086123,1
UCA00000124R,1086125,1
UCA00000124R,1086263,5
UCA00000124R,1091841,208
UCA00000124R,1099402,1
UCA00000124R,1200558,23
UCA00000124R,1200575,23
UCA00000124R,1200685,2
UCA00000124R,1207805,1
UCA00000124R,1212017,30
UCA00000124R,1212019,30
UCA00000124R,1212025,1
UCA00000124R,1212033,2
UCA00000124R,1212034,2
UCA00000124R,1212047,5
UCA00000124R,1212048,5
UCA00000124R,1212049,135
UCA00000124R,1212050,135
UCA00000124R,1212053,15
UCA00000124R,1212056,33
UCA00000124R,1212057,34
UCA00000124R,1212060,2
UCA00000124R,1212061,2
UCA00000124R,1212071,15
UCA00000124R,1213746,1
UCA00000124R,1213747,1
UCA00000124R,1213759,1
UCA00000124R,1213760,1
UCA00000124R,1220681,86
UCA00000124R,1220695,86
UCA00000124R,2016178,8
UCA00000124R,2016179,2
UCA00000124R,2024352,13
UCA00000124R,2027726,2
UCA00000124R,2031065,30
UCA00000124R,2033362,3
UCA00000124R,2033672,2
UCA00000124R,2034820,75
UCA00000124R,2034879,11
UCA00000124R,2034880,204
UCA00000124R,2039803,9
UCA00000124R,2039857,190
UCA00000124R,2039858,178
UCA00000124R,2045401,4
UCA00000124R,2046196,4
UCA00000124R,2046197,4
UCA00000124R,2046291,2
UCA00000124R,2066603,94
UCA00000124R,2067169,199
UCA00000124R,2077387,86
UCA00000124R,2080905,9
UCA00000124R,2093652,86
UCA00000124R,2099264,72
UCA00000124R,4031608,2
UCA00000124R,4040561,11
UCA00000124R,4071409,8
UCA00000124R,5308938,6
UCA00000124R,5309589,14
UCA00000124R,5309719,22
UCA00000124R,5311686,8
UCA00000124R,5311688,108
UCA00000124R,5311691,4
UCA00000124R,5311837,105
UCA00000124R,5314068,4
UCA00000124R,6021750,3
UCA00000124R,6023135,1
UCA00000124R,6025470,4
UCA00000124R,6025472,7
UCA00000124R,6025614,8
UCA00000124R,6025615,105
UCA00000124R,6025617,6
UCA00000124R,6025632,3
UCA00000124R,6025652,10
UCA00000124R,6027894,3
UCA00000124R,6027895,3
UCA00000124R,6027898,4
UCA00000124R,6027946,1
UCA00000124R,6027947,4
UCA00000124R,6033224,2
UCA00000124R,6035129,32
UCA00000124R,6035130,5
UCA00000124R,6035419,2
UCA00000124R,6035420,2
UCA00000124R,6035423,20
UCA00000124R,6035424,20
UCA00000124R,6035429,1
UCA00000124R,6035430,1
UCA00000124R,6045199,4
UFA00000029E,1005784,30
UFA00000029E,1019987,46
UFA00000029E,1019990,7
UFA00000029E,1024101,2
UFA00000029E,1024102,9
UFA00000029E,1027375,20
UFA00000029E,1044255,28
UFA00000029E,1044338,4
UFA00000029E,1044339,26
UFA00000029E,1044627,35
UFA00000029E,1044629,3
UFA00000029E,1044679,5
UFA00000029E,1044680,258
UFA00000029E,1047717,71
UFA00000029E,1056982,32
UFA00000029E,1056985,59
UFA00000029E,1056986,25
UFA00000029E,1058388,3
UFA00000029E,1059554,21
UFA00000029E,1059860,43
UFA00000029E,1069625,3
UFA00000029E,1076397,5
UFA00000029E,1076398,1
UFA00000029E,1082571,1
UFA00000029E,1200558,2
UFA00000029E,1200575,2
UFA00000029E,1203792,1
UFA00000029E,1203794,1
UFA00000029E,1203798,1
UFA00000029E,1203800,1
UFA00000029E,1207798,16
UFA00000029E,1207805,1
UFA00000029E,1207814,1
UFA00000029E,1207815,7
UFA00000029E,1212017,2
UFA00000029E,1212019,1
UFA00000029E,1212049,16
UFA00000029E,1212050,16
UFA00000029E,1212051,9
UFA00000029E,1212052,9
UFA00000029E,1212054,15
UFA00000029E,1212055,10
UFA00000029E,1212056,63
UFA00000029E,1212057,63
UFA00000029E,1212058,527
UFA00000029E,1212059,530
UFA00000029E,1212060,5
UFA00000029E,1212061,5
UFA00000029E,1212064,48
UFA00000029E,1212065,46
UFA00000029E,2013028,17
UFA00000029E,2016178,11
UFA00000029E,2016179,10
UFA00000029E,2018306,4
UFA00000029E,2020204,18
UFA00000029E,2021298,69
UFA00000029E,2023865,10
UFA00000029E,2027727,3
UFA00000029E,2027782,4
UFA00000029E,2033414,31
UFA00000029E,2033415,17
UFA00000029E,2033671,1
UFA00000029E,2034879,136
UFA00000029E,2034880,4
UFA00000029E,2039857,140
UFA00000029E,2067169,711
UFA00000029E,2068354,1
UFA00000029E,2074406,7
UFA00000029E,2074407,3
UFA00000029E,2080422,3
UFA00000029E,4030837,2
UFA00000029E,4071409,6
UFA00000029E,4084688,5
UFA00000029E,5314068,708
UFA00000029E,5314088,43
UFA00000029E,6021793,2
UFA00000029E,6027944,2
UFA00000029E,6027946,74
UFA00000029E,6033231,10
UFA00000029E,6035130,32
UFA00000029E,6035131,87
UFA00000029E,6035137,65
UFA00000029E,6035421,412
UFA00000029E,6035422,208
UFA00000029E,6035423,35
UFA00000029E,6042893,1
UFA00000029E,6042895,6
UFA00000029E,6042897,19
UFA00000029R,1016296,15
UFA00000029R,1019990,9
UFA00000029R,1024102,3
UFA00000029R,1044255,24
UFA00000029R,1044338,3
UFA00000029R,1044339,20
UFA00000029R,1044627,23
UFA00000029R,1044679,3
UFA00000029R,1047717,11
UFA00000029R,1056982,4
UFA00000029R,1056985,3
UFA00000029R,1056986,3
UFA00000029R,1058388,3
UFA00000029R,1059554,16
UFA00000029R,1059860,2
UFA00000029R,1069625,2
UFA00000029R,1076397,2
UFA00000029R,1082571,1
UFA00000029R,1207801,2
UFA00000029R,1207804,7
UFA00000029R,1212049,2
UFA00000029R,1212050,2
UFA00000029R,1212051,3
UFA00000029R,1212052,3
UFA00000029R,1212054,1
UFA00000029R,1212055,7
UFA00000029R,1212058,50
UFA00000029R,1212059,46
UFA00000029R,1212064,7
UFA00000029R,1212065,4
UFA00000029R,2013028,15
UFA00000029R,2016178,4
UFA00000029R,2016179,2
UFA00000029R,2020214,1
UFA00000029R,2021298,3
UFA00000029R,2023865,2
UFA00000029R,2033362,7
UFA00000029R,2033414,5
UFA00000029R,2033415,3
UFA00000029R,2034879,10
UFA00000029R,2039857,16
UFA00000029R,2057153,42
UFA00000029R,2067169,1
UFA00000029R,2068353,3
UFA00000029R,2068355,3
UFA00000029R,2074406,1
UFA00000029R,2080422,3
UFA00000029R,4071409,4
UFA00000029R,4084688,1
UFA00000029R,5314068,64
UFA00000029R,5314088,2
UFA00000029R,6027946,4
UFA00000029R,6035131,3
UFA00000029R,6035137,2
UFA00000029R,6035421,23
UFA00000029R,6035422,14
UFA00000029R,6035423,7
UFA00000029R,6042893,1
UFA00000029R,6042897,2
ZBA00000070R,1027375,3
ZBA00000070R,1029489,10
ZBA00000070R,1029490,2
ZBA00000070R,1044680,1
ZBA00000070R,1059966,10
ZBA00000070R,1060059,26
ZBA00000070R,1061172,5
ZBA00000070R,1061173,5
ZBA00000070R,1061174,3
ZBA00000070R,1061175,3
ZBA00000070R,1070116,4
ZBA00000070R,1070644,6
ZBA00000070R,1070645,6
ZBA00000070R,1073765,1
ZBA00000070R,1085665,2
ZBA00000070R,1085666,2
ZBA00000070R,1085667,2
ZBA00000070R,1085668,2
ZBA00000070R,1085669,3
ZBA00000070R,1085670,3
ZBA00000070R,1085899,6
ZBA00000070R,1099013,1
ZBA00000070R,1099030,1
ZBA00000070R,1099031,2
ZBA00000070R,1099032,2
ZBA00000070R,1204616,1
ZBA00000070R,1204618,1
ZBA00000070R,1207801,2
ZBA00000070R,1207804,2
ZBA00000070R,1207805,2
ZBA00000070R,1207815,2
ZBA00000070R,1212017,1
ZBA00000070R,1212019,1
ZBA00000070R,1212030,1
ZBA00000070R,1212047,2
ZBA00000070R,1212048,2
ZBA00000070R,1212051,2
ZBA00000070R,1212052,2
ZBA00000070R,1212070,1
ZBA00000070R,1213739,1
ZBA00000070R,1213761,2
ZBA00000070R,1213762,2
ZBA00000070R,2020204,1
ZBA00000070R,2024352,8
ZBA00000070R,2027735,4
ZBA00000070R,2028369,3
ZBA00000070R,2033362,2
ZBA00000070R,2039803,113
ZBA00000070R,2067169,6
ZBA00000070R,4040561,3
ZBA00000070R,5307090,2
ZBA00000070R,5330389,2
ZBA00000070R,6023135,2
ZBA00000070R,6023206,8
ZBA00000070R,6025470,6
ZBA00000070R,6025472,10
ZBA00000070R,6025614,2
ZBA00000070R,6025632,8
ZBA00000070R,6026691,3
ZBA00000070R,6035129,7
ZBA00000070R,6035137,2
ZBA00000070R,6035143,5
ZBA00000070R,6035422,2
ZBA00000070R,6035423,3
ZBA00000070R,6035424,3
ZEA00000013R,1018733,4
ZEA00000013R,1018734,2
ZEA00000013R,1041180,2
ZEA00000013R,1044008,6
ZEA00000013R,1044255,6
ZEA00000013R,1044338,4
ZEA00000013R,1044629,3
ZEA00000013R,1044630,2
ZEA00000013R,1044679,21
ZEA00000013R,1044680,7
ZEA00000013R,1056982,8
ZEA00000013R,1085665,22
ZEA00000013R,1085666,22
ZEA00000013R,1085667,67
ZEA00000013R,1085668,66
ZEA00000013R,1085669,16
ZEA00000013R,1085670,16
ZEA00000013R,1085899,85
ZEA00000013R,1200568,2
ZEA00000013R,1200585,2
ZEA00000013R,1212017,93
ZEA00000013R,1212019,93
ZEA00000013R,1212047,40
ZEA00000013R,1212048,39
ZEA00000013R,1212049,15
ZEA00000013R,1212050,15
ZEA00000013R,1212051,8
ZEA00000013R,1212052,8
ZEA00000013R,1212053,1
ZEA00000013R,1212054,1
ZEA00000013R,1212055,2
ZEA00000013R,1212071,1
ZEA00000013R,1213739,19
ZEA00000013R,1213755,14
ZEA00000013R,1213757,74
ZEA00000013R,1213758,77
ZEA00000013R,1213759,20
ZEA00000013R,1213760,20
ZEA00000013R,2020214,8
ZEA00000013R,2033414,4
ZEA00000013R,2033415,4
ZEA00000013R,2066603,539
ZEA00000013R,6021750,2
ZEA00000013R,6025470,1
ZEA00000013R,6026691,30
ZEA00000013R,6038239,2
ZEA00000013R,7082881,35
ZEA00000013R,7082886,89
ZEA00000149R,1019978,4
ZEA00000149R,1024446,7
ZEA00000149R,1027376,9
ZEA00000149R,1044629,1
ZEA00000149R,1044679,1
ZEA00000149R,1044680,4
ZEA00000149R,1056982,6
ZEA00000149R,1056985,2
ZEA00000149R,1058668,1
ZEA00000149R,1060065,100
ZEA00000149R,1068191,100
ZEA00000149R,1085665,26
ZEA00000149R,1085666,26
ZEA00000149R,1085667,6
ZEA00000149R,1085668,6
ZEA00000149R,1085669,10
ZEA00000149R,1085670,10
ZEA00000149R,1085671,20
ZEA00000149R,1085672,20
ZEA00000149R,1085673,20
ZEA00000149R,1085674,20
ZEA00000149R,1085899,4
ZEA00000149R,1200561,6
ZEA00000149R,1200578,6
ZEA00000149R,1207514,4
ZEA00000149R,1207652,5
ZEA00000149R,1212005,1
ZEA00000149R,1212017,4
ZEA00000149R,1212018,1
ZEA00000149R,1212019,4
ZEA00000149R,1212024,2
ZEA00000149R,1212025,2
ZEA00000149R,1212026,7
ZEA00000149R,1212027,9
ZEA00000149R,1212030,1
ZEA00000149R,1212031,1
ZEA00000149R,1212032,1
ZEA00000149R,1212033,3
ZEA00000149R,1212034,3
ZEA00000149R,1212047,9
ZEA00000149R,1212048,9
ZEA00000149R,1212049,5
ZEA00000149R,1212050,5
ZEA00000149R,1212051,1
ZEA00000149R,1212052,1
ZEA00000149R,1212053,5
ZEA00000149R,1212054,1
ZEA00000149R,1212055,1
ZEA00000149R,1212062,1
ZEA00000149R,1212063,1
ZEA00000149R,1212064,1
ZEA00000149R,1212065,1
ZEA00000149R,1212070,1
ZEA00000149R,1212071,5
ZEA00000149R,1213718,1
ZEA00000149R,1213738,3
ZEA00000149R,1213739,5
ZEA00000149R,1213743,1
ZEA00000149R,1213750,1
ZEA00000149R,1213751,1
ZEA00000149R,1213754,3
ZEA00000149R,1213755,5
ZEA00000149R,1213757,12
ZEA00000149R,1213758,12
ZEA00000149R,1213759,4
ZEA00000149R,1213760,4
ZEA00000149R,1213761,4
ZEA00000149R,1213762,6
ZEA00000149R,1213763,3
ZEA00000149R,1213764,5
ZEA00000149R,1213767,7
ZEA00000149R,1213768,7
ZEA00000149R,2033414,6
ZEA00000149R,2034820,2
ZEA00000149R,2034879,-1
ZEA00000149R,2044623,1
ZEA00000149R,2045401,6
ZEA00000149R,2046197,8
ZEA00000149R,2046199,4
ZEA00000149R,2046390,8
ZEA00000149R,2066603,4
ZEA00000149R,2067169,76
ZEA00000149R,5309314,13
ZEA00000149R,5334126,25
ZEA00000149R,6025470,2
ZEA00000149R,6025471,2
ZEA00000149R,6025652,6
ZEA00000149R,6025668,13
ZEA00000149R,6026691,2
ZEA00000149R,6035429,8
ZEA00000149R,7083088,2
