,CUSTOMER,cluster
0,1000022,2
1,1000023,2
2,1000025,1
3,1000026,2
4,1000033,2
5,1000040,2
6,1000045,2
7,1000048,2
8,1000069,1
9,1000070,2
10,1000091,2
11,1000107,1
12,1000117,2
13,1000131,2
14,1000140,2
15,1000141,2
16,1000154,1
17,1000158,1
18,1000163,2
19,1000168,2
20,1000173,2
21,1000178,2
22,1000185,2
23,1000208,2
24,1000227,2
25,1000230,2
26,1000231,2
27,1000242,1
28,1000245,2
29,1000253,1
30,1000264,2
31,1000269,1
32,1000291,2
33,1000292,2
34,1000299,2
35,1000300,2
36,1000314,1
37,1000316,1
38,1000328,1
39,1000340,2
40,1000346,2
41,1000380,1
42,1000409,2
43,1000436,2
44,1000445,2
45,1000454,2
46,1000480,1
47,1000481,2
48,1000493,2
49,1000513,0
50,1000515,2
51,1000517,2
52,1000519,2
53,1000533,2
54,1000544,2
55,1000556,2
56,1000571,1
57,1000589,2
58,1000599,2
59,1000600,2
60,1000601,2
61,1000614,0
62,1000637,2
63,1000642,1
64,1000657,2
65,1000662,2
66,1000663,2
67,1000666,1
68,1000669,1
69,1000675,1
70,1000676,2
71,1000679,2
72,1000694,2
73,1000695,1
74,1000708,2
75,1000709,1
76,1000714,2
77,1000734,2
78,1000746,2
79,1000753,2
80,1000760,1
81,1000764,2
82,1000774,1
83,1000784,1
84,1000806,2
85,1000808,1
86,1000810,2
87,1000816,1
88,1000821,2
89,1000824,2
90,1000837,2
91,1000838,1
92,1000860,0
93,1000861,2
94,1000870,2
95,1000874,1
96,1000876,2
97,1000890,2
98,1000914,2
99,1000957,2
100,1000966,2
101,1000978,2
102,1000980,1
103,1001019,2
104,1001024,2
105,1001026,2
106,1001031,2
107,1001045,2
108,1001049,2
109,1001051,2
110,1001057,2
111,1001087,2
112,1001096,1
113,1001099,2
114,1001112,2
115,1001118,2
116,1001131,1
117,1001134,2
118,1001150,2
119,1001152,2
120,1001164,2
121,1001166,2
122,1001210,1
123,1001214,2
124,1001224,2
125,1001234,0
126,1001245,2
127,1001254,2
128,1001264,2
129,1001284,2
130,1001287,2
131,1001300,1
132,1001302,1
133,1001315,2
134,1001321,2
135,1001340,2
136,1001342,2
137,1001363,2
138,1001368,2
139,1001372,1
140,1001373,1
141,1001386,1
142,1001421,2
143,1001454,1
144,1001458,1
145,1001460,0
146,1001464,2
147,1001471,2
148,1001481,2
149,1001483,1
150,1001492,1
151,1001504,2
152,1001518,2
153,1001520,1
154,1001536,2
155,1001557,1
156,1001573,1
157,1001594,1
158,1001600,0
159,1001603,1
160,1001604,1
161,1001611,1
162,1001616,1
163,1001629,2
164,1001635,2
165,1001640,1
166,1001644,1
167,1001668,2
168,1001673,2
169,1001684,2
170,1001686,1
171,1001695,2
172,1001699,0
173,1001731,2
174,1001746,1
175,1001757,2
176,1001771,1
177,1001772,1
178,1001778,1
179,1001788,1
180,1001797,2
181,1001800,1
182,1001806,2
183,1001809,2
184,1001819,2
185,1001830,2
186,1001837,1
187,1001854,1
188,1001855,2
189,1001873,2
190,1001887,2
191,1001890,2
192,1001902,1
193,1001905,2
194,1001908,1
195,1001913,2
196,1001923,1
197,1001978,1
198,1001979,2
199,1001981,1
200,1001982,1
201,1001989,2
202,1002021,1
203,1002047,2
204,1002054,2
205,1002057,1
206,1002064,1
207,1002081,2
208,1002087,2
209,1002104,2
210,1002117,1
211,1002129,2
212,1002133,2
213,1002137,2
214,1002148,1
215,1002150,1
216,1002157,1
217,1002169,1
218,1002171,2
219,1002175,1
220,1002178,2
221,1002199,2
222,1002201,1
223,1002232,2
224,1002242,1
225,1002244,2
226,1002272,2
227,1002273,1
228,1002275,2
229,1002279,2
230,1002293,2
231,1002300,2
232,1002301,2
233,1002319,2
234,1002354,2
235,1002364,1
236,1002389,2
237,1002394,2
238,1002410,2
239,1002433,1
240,1002436,1
241,1002439,1
242,1002466,1
243,1002468,2
244,1002476,2
245,1002483,1
246,1002488,2
247,1002492,1
248,1002518,2
249,1002520,2
250,1002540,2
251,1002542,2
252,1002572,2
253,1002585,2
254,1002586,2
255,1002587,2
256,1002591,1
257,1002596,2
258,1002598,2
259,1002602,1
260,1002604,1
261,1002612,2
262,1002623,2
263,1002633,2
264,1002648,2
265,1002650,1
266,1002691,2
267,1002700,2
268,1002713,2
269,1002720,2
270,1002730,1
271,1002733,1
272,1002743,2
273,1002744,1
274,1002757,2
275,1002773,2
276,1002779,2
277,1002797,1
278,1002800,2
279,1002802,2
280,1002804,1
281,1002814,2
282,1002816,1
283,1002817,2
284,1002821,2
285,1002824,1
286,1002829,2
287,1002832,2
288,1002839,1
289,1002845,0
290,1002859,1
291,1002863,1
292,1002874,2
293,1002893,2
294,1002903,2
295,1002911,2
296,1002925,1
297,1002929,2
298,1002930,2
299,1002934,1
300,1002939,2
301,1002941,2
302,1002963,1
303,1002968,1
304,1002987,2
305,1003018,2
306,1003032,2
307,1003036,2
308,1003038,2
309,1003053,1
310,1003061,1
311,1003085,1
312,1003094,2
313,1003096,2
314,1003099,1
315,1003106,0
316,1003116,1
317,1003120,2
318,1003129,2
319,1003140,2
320,1003152,2
321,1003154,2
322,1003169,2
323,1003172,2
324,1003174,2
325,1003185,1
326,1003208,2
327,1003209,2
328,1003213,2
329,1003227,2
330,1003240,2
331,1003242,1
332,1003244,2
333,1003254,2
334,1003255,2
335,1003266,2
336,1003269,2
337,1003279,2
338,1003301,2
339,1003307,1
340,1003311,2
341,1003312,1
342,1003324,2
343,1003333,1
344,1003354,2
345,1003358,1
346,1003359,1
347,1003363,1
348,1003364,2
349,1003368,2
350,1003379,2
351,1003398,2
352,1003405,2
353,1003408,1
354,1003411,1
355,1003423,2
356,1003430,2
357,1003442,2
358,1003446,2
359,1003447,1
360,1003448,1
361,1003453,1
362,1003495,1
363,1003506,1
364,1003516,2
365,1003525,2
366,1003540,2
367,1003554,2
368,1003560,1
369,1003575,2
370,1003585,2
371,1003608,1
372,1003610,1
373,1003627,1
374,1003637,1
375,1003638,2
376,1003641,1
377,1003644,0
378,1003650,1
379,1003651,1
380,1003654,1
381,1003660,1
382,1003662,2
383,1003670,2
384,1003698,2
385,1003701,1
386,1003714,2
387,1003720,1
388,1003722,1
389,1003725,2
390,1003742,2
391,1003818,1
392,1003820,2
393,1003846,2
394,1003847,2
395,1003856,1
396,1003868,2
397,1003869,2
398,1003887,1
399,1003899,1
400,1003902,2
401,1003914,2
402,1003949,2
403,1003997,2
404,1004025,1
405,1004064,2
406,1004077,2
407,1004081,2
408,1004088,1
409,1004107,1
410,1004110,1
411,1004111,2
412,1004132,1
413,1004137,2
414,1004139,2
415,1004149,2
416,1004150,2
417,1004156,1
418,1004198,2
419,1004202,2
420,1004231,1
421,1004233,1
422,1004243,2
423,1004244,1
424,1004280,2
425,1004287,2
426,1004288,2
427,1004289,0
428,1004309,0
429,1004310,2
430,1004311,2
431,1004319,1
432,1004359,1
433,1004367,2
434,1004374,2
435,1004383,1
436,1004407,2
437,1004413,1
438,1004428,2
439,1004477,2
440,1004481,1
441,1004483,2
442,1004485,1
443,1004488,2
444,1004503,2
445,1004517,2
446,1004521,2
447,1004530,2
448,1004534,2
449,1004537,2
450,1004543,2
451,1004549,2
452,1004564,1
453,1004566,2
454,1004567,1
455,1004598,1
456,1004600,2
457,1004607,1
458,1004612,2
459,1004616,0
460,1004626,2
461,1004642,2
462,1004681,2
463,1004692,1
464,1004695,2
465,1004702,2
466,1004704,2
467,1004707,2
468,1004717,1
469,1004718,1
470,1004723,2
471,1004727,1
472,1004731,1
473,1004773,2
474,1004785,1
475,1004797,2
476,1004809,2
477,1004812,1
478,1004818,2
479,1004820,1
480,1004825,1
481,1004827,1
482,1004829,2
483,1004838,1
484,1004870,2
485,1004876,2
486,1004878,1
487,1004911,2
488,1004915,1
489,1004933,2
490,1004950,1
491,1004951,2
492,1004961,2
493,1004968,2
494,1004979,1
495,1004983,1
496,1004997,2
497,1005005,2
498,1005018,2
499,1005042,2
500,1005044,1
501,1005050,1
502,1005056,2
503,1005060,2
504,1005075,2
505,1005076,1
506,1005084,2
507,1005086,2
508,1005094,1
509,1005106,1
510,1005115,2
511,1005136,2
512,1005139,1
513,1005140,2
514,1005151,2
515,1005156,1
516,1005162,1
517,1005164,2
518,1005181,2
519,1005194,2
520,1005211,2
521,1005228,2
522,1005232,1
523,1005244,2
524,1005255,2
525,1005261,1
526,1005263,1
527,1005283,2
528,1005292,1
529,1005293,2
530,1005301,2
531,1005321,1
532,1005325,1
533,1005331,1
534,1005332,2
535,1005334,2
536,1005361,2
537,1005363,0
538,1005384,0
539,1005385,2
540,1005386,2
541,1005389,2
542,1005403,2
543,1005405,2
544,1005412,1
545,1005414,2
546,1005442,2
547,1005456,2
548,1005460,2
549,1005467,2
550,1005478,1
551,1005487,2
552,1005492,2
553,1005514,2
554,1005518,1
555,1005544,2
556,1005548,1
557,1005561,1
558,1005567,2
559,1005568,1
560,1005576,2
561,1005588,2
562,1005592,1
563,1005598,1
564,1005603,2
565,1005604,2
566,1005618,2
567,1005628,2
568,1005629,2
569,1005640,2
570,1005642,2
571,1005645,2
572,1005651,2
573,1005654,1
574,1005659,2
575,1005665,2
576,1005666,2
577,1005675,1
578,1005678,2
579,1005701,2
580,1005707,2
581,1005745,2
582,1005749,2
583,1005756,2
584,1005772,1
585,1005776,2
586,1005778,1
587,1005780,2
588,1005812,2
589,1005815,1
590,1005816,2
591,1005817,2
592,1005835,1
593,1005836,1
594,1005841,2
595,1005856,1
596,1005864,2
597,1005889,2
598,1005892,2
599,1005894,2
600,1005897,2
601,1005907,2
602,1005909,2
603,1005915,1
604,1005917,2
605,1005918,2
606,1005927,2
607,1005935,2
608,1005944,1
609,1005946,2
610,1005948,1
611,1005954,2
612,1005963,2
613,1005968,1
614,1005992,2
615,1005993,2
616,1006024,1
617,1006026,2
618,1006044,1
619,1006046,1
620,1006049,2
621,1006075,2
622,1006101,1
623,1006107,2
624,1006109,1
625,1006127,1
626,1006130,2
627,1006158,2
628,1006159,1
629,1006160,2
630,1006166,1
631,1006169,2
632,1006175,1
633,1006195,1
634,1006196,2
635,1006203,2
636,1006212,2
637,1006220,1
638,1006223,2
639,1006228,2
640,1006234,2
641,1006255,1
642,1006256,1
643,1006263,2
644,1006265,1
645,1006274,2
646,1006276,2
647,1006285,2
648,1006286,1
649,1006291,2
650,1006300,1
651,1006302,2
652,1006316,2
653,1006319,2
654,1006330,1
655,1006333,2
656,1006338,2
657,1006341,1
658,1006343,2
659,1006349,2
660,1006356,2
661,1006362,1
662,1006363,1
663,1006369,2
664,1006372,1
665,1006381,1
666,1006400,1
667,1006414,2
668,1006415,2
669,1006425,1
670,1006429,1
671,1006441,1
672,1006444,1
673,1006445,2
674,1006460,2
675,1006463,2
676,1006465,2
677,1006467,1
678,1006472,2
679,1006478,2
680,1006490,1
681,1006496,2
682,1006497,2
683,1006511,1
684,1006516,1
685,1006524,2
686,1006541,1
687,1006542,1
688,1006546,1
689,1006551,1
690,1006552,1
691,1006559,1
692,1006563,2
693,1006565,2
694,1006567,1
695,1006569,2
696,1006570,2
697,1006571,2
698,1006581,2
699,1006582,1
700,1006585,2
701,1006587,1
702,1006591,2
703,1006602,1
704,1006604,2
705,1006605,1
706,1006607,2
707,1006616,1
708,1006621,2
709,1006629,1
710,1006637,2
711,1006640,1
712,1006646,1
713,1006648,1
714,1006655,2
715,1006662,2
716,1006663,1
717,1006671,2
718,1006682,2
719,1006686,1
720,1006688,2
721,1006709,1
722,1006718,2
723,1006729,1
724,1006734,1
725,1006739,1
726,1006744,1
727,1006745,1
728,1006755,1
729,1006756,1
730,1006759,2
731,1006762,2
732,1006768,1
733,1006771,1
734,1006773,1
735,1006778,2
736,1006780,2
737,1006786,2
738,1006790,1
739,1006791,1
740,1006795,2
741,1006797,1
742,1006812,1
743,1006825,1
744,1006831,1
745,1006832,1
746,1006836,2
747,1006839,1
748,1006841,2
749,1006849,1
750,1006850,2
751,1006854,2
752,1006860,1
753,1006863,1
754,1006866,2
755,1006872,2
756,1006875,2
757,1006876,2
758,1006879,2
759,1006880,1
760,1006884,2
761,1006887,1
762,1006889,1
763,1006890,0
764,1006895,1
765,1006897,2
766,1006898,2
767,1006899,1
768,1006901,1
769,1006903,2
770,1006915,1
771,1006922,1
772,1006924,2
773,1006932,2
774,1006933,2
775,1006936,1
776,1006945,1
777,1006952,1
778,1006954,1
779,1006958,2
780,1006964,2
781,1006966,1
782,1006972,1
783,1006978,2
784,1006983,2
785,1006989,1
786,1006996,2
787,1007010,1
788,1007011,2
789,1007014,2
790,1007018,1
791,1007025,2
792,1007027,1
793,1007029,1
794,1007032,1
795,1007039,1
796,1007046,1
797,1007048,1
798,1007052,1
799,1007054,2
800,1007058,2
801,1007061,1
802,1007065,1
803,1007070,2
804,1007079,1
805,1007081,2
806,1007082,1
807,1007086,2
808,1007090,2
809,1007094,2
810,1007095,1
811,1007098,1
812,1007100,2
813,1007113,1
814,1007115,2
815,1007117,1
816,1007123,2
817,1007127,2
818,1007130,1
819,1007132,1
820,1007134,1
821,1007141,2
822,1007144,2
823,1007145,2
824,1007146,2
825,1007158,1
826,1007160,2
827,1007163,1
828,1007173,1
829,1007179,2
830,1007186,1
831,1007187,2
832,1007193,2
833,1007195,2
834,1007197,2
835,1007203,2
836,1007204,1
837,1007205,1
838,1007214,1
839,1007218,1
840,1007226,2
841,1007229,2
842,1007234,2
843,1007235,2
844,1007242,2
845,1007246,1
846,1007262,1
847,1007263,2
848,1007265,2
849,1007267,2
850,1007272,2
851,1007293,2
852,1007299,1
853,1007306,1
854,1007311,1
855,105350,2
856,105351,2
857,105354,1
858,114572,2
859,115854,1
860,115945,2
861,116024,1
862,116052,1
863,116077,2
864,116119,2
865,116145,1
866,116159,2
867,116192,1
868,116238,1
869,116242,2
870,116243,1
871,116265,1
872,116597,1
873,116598,2
874,116644,2
875,116716,1
876,116762,2
877,116763,2
878,116840,1
879,116845,1
880,116887,1
881,116917,2
882,116963,1
883,116970,1
884,116987,2
885,116991,2
886,117011,1
887,117012,2
888,117160,2
889,117166,2
890,117256,1
891,117257,1
892,117265,1
893,117398,2
894,117405,1
895,117408,2
896,117475,2
897,117517,1
898,117535,1
899,117579,2
900,117582,2
901,117626,1
902,117680,1
903,117683,2
904,117744,2
905,117753,2
906,117758,2
907,117759,2
908,117788,2
909,117836,2
910,117870,1
911,117879,1
912,117934,1
913,118051,2
914,118064,2
915,118087,2
916,118089,2
917,130913,2
918,130922,1
919,130923,1
920,132651,2
921,132694,2
922,132699,2
923,136470,2
924,136476,2
925,136544,2
926,136545,1
927,136546,2
928,136576,2
929,136581,2
930,145846,2
931,145872,2
932,145897,2
933,145957,2
934,145979,2
935,146030,2
936,146031,2
937,146040,2
938,146056,2
939,146078,2
940,146110,2
941,146115,2
942,146121,2
943,151490,2
944,151493,2
945,151495,2
946,151544,2
947,151546,2
948,151567,2
949,151572,2
950,151647,2
951,151651,2
952,151655,2
953,151666,2
954,151668,2
955,151678,2
956,151727,2
957,151762,2
958,151824,2
959,151843,2
960,151856,2
961,151860,2
962,151888,2
963,151892,2
964,151952,2
965,152003,2
966,152028,2
967,152042,2
968,152045,2
969,152103,2
970,152134,2
971,152175,2
972,152223,2
973,152230,2
974,152306,2
975,152321,2
976,152370,2
977,152433,2
978,152493,2
979,152507,2
980,152567,2
981,152570,2
982,152624,2
983,152662,2
984,152675,2
985,152683,2
986,152723,2
987,152729,2
988,152773,2
989,152810,2
990,152821,2
991,153099,2
992,153312,2
993,153388,2
994,153432,2
995,153526,2
996,153545,2
997,153593,2
998,153646,2
999,153687,2
1000,153689,2
1001,153698,2
1002,153725,2
1003,153773,2
1004,153775,2
1005,153857,2
1006,153940,2
1007,153997,2
1008,154062,2
1009,154074,2
1010,154110,2
1011,154152,2
1012,154176,2
1013,154177,2
1014,154289,2
1015,154411,2
1016,154481,2
1017,154485,2
1018,154494,2
1019,154523,2
1020,154528,2
1021,154620,2
1022,154631,2
1023,154640,2
1024,163337,2
1025,165575,2
1026,171896,2
1027,172008,2
1028,172055,2
1029,172063,2
1030,172070,2
1031,172078,2
1032,172147,2
1033,172149,2
1034,172385,2
1035,172429,2
1036,172442,2
1037,172524,2
1038,172820,2
1039,172939,2
1040,172940,2
1041,172966,2
1042,65,0
1043,92166,2
1044,92167,1
1045,92168,1
1046,92173,2
1047,92174,1
1048,92175,1
1049,92177,1
1050,92179,2
1051,92201,2
1052,92209,2
1053,92210,2
1054,92212,2
1055,92224,1
1056,92231,1
1057,92235,1
1058,92243,1
1059,92245,1
1060,92343,1
1061,92344,2
1062,92372,1
1063,92381,2
1064,92410,2
1065,92412,1
1066,92414,1
1067,92433,2
1068,92477,1
1069,92505,1
1070,92508,1
1071,92509,2
1072,92535,2
1073,92541,1
1074,92549,2
1075,92551,1
1076,92610,1
1077,92640,2
1078,92641,1
1079,92667,1
1080,92678,2
1081,92679,2
1082,92682,1
1083,92690,2
1084,92702,1
1085,92726,1
1086,92735,1
1087,92773,1
1088,92788,2
1089,92805,1
1090,92817,1
1091,92841,2
1092,92844,2
1093,92845,2
1094,92848,1
1095,92850,1
1096,92852,1
1097,92858,2
1098,92859,2
1099,92865,1
1100,94291,1
1101,98286,1
1102,98307,2
1103,98335,2
1104,98348,1
1105,98359,1
1106,98375,1
1107,98434,2
1108,98440,2
1109,98483,2
1110,98505,1
1111,98509,2
1112,98517,2
1113,98521,1
1114,98522,1
1115,98523,2
1116,98609,2
1117,98612,2
1118,98618,1
1119,98619,2
1120,98630,1
1121,98632,2
1122,98634,1
1123,98681,2
1124,98684,2
1125,98693,1
1126,AAA00000002R,1
1127,AAA00000006R,2
1128,AAA00000082R,1
1129,AAA00000094R,2
1130,AAA00000098R,0
1131,AAA00000099R,2
1132,AAA00000102R,1
1133,AAA00000121R,2
1134,AAA00000127R,0
1135,AAA00000135R,0
1136,ACA00000003R,2
1137,ACA00000026R,2
1138,BEA00000003R,2
1139,BEA00000080R,2
1140,BEA00000230R,2
1141,BEA00000268R,2
1142,BEA00000326R,2
1143,BFA00000171R,2
1144,BFA00000344R,2
1145,BFA00000353R,1
1146,BFA00000450R,1
1147,BFA00000475R,2
1148,BFA00000476R,1
1149,BFA00000496R,2
1150,BFA00000505R,2
1151,BHA00000031R,0
1152,BIA00000008R,1
1153,BKA00000031R,2
1154,BKA00000061R,1
1155,BLA00000045R,2
1156,BLA00000068R,2
1157,BSA00000016R,2
1158,BSA00000019R,2
1159,BSA00000023R,1
1160,BSA00000060R,2
1161,CBA00000011R,2
1162,CBA00000101R,2
1163,CJA00000050R,1
1164,CJA00000063R,2
1165,DAA00000100R,2
1166,EAA00000012R,2
1167,EAA00000015R,2
1168,EAA00000019R,2
1169,EAA00000030R,2
1170,EAA00000043R,0
1171,EAA00000066R,1
1172,EAA00000076R,2
1173,EAA00000082R,2
1174,EAA00000095R,2
1175,EAA00000103R,1
1176,EAA00000130R,1
1177,EAA00000139R,0
1178,EAA00000158R,2
1179,EAA00000165R,2
1180,FCA00000004R,1
1181,FCA00000154R,0
1182,FCA00000222R,2
1183,FCA00000223R,2
1184,GAA00000046H,2
1185,GAA00000046R,2
1186,GAA00000063R,2
1187,GAA00000706R,1
1188,GAA00001151R,2
1189,GAA00001200R,2
1190,GAA00001221R,2
1191,GAA00001365R,2
1192,GAA00001461R,1
1193,GAA00001677R,1
1194,GAA00001779R,2
1195,GAA00001802R,2
1196,GAA00001840R,2
1197,GAA00001841R,1
1198,GAA00001843R,2
1199,GAA00001855R,2
1200,GAA00001873R,2
1201,GAA00001882R,2
1202,GAA00001907R,2
1203,GAA00001908R,2
1204,GAA00001910R,1
1205,GAA00001916R,2
1206,GAA00001920R,2
1207,GAA00001937R,2
1208,GBC00000054R,2
1209,GDA00000342R,2
1210,GFA00000004R,1
1211,GFA00000049R,1
1212,GGA00001030R,1
1213,GGA00001039R,1
1214,GGA00001235R,1
1215,GGA00001351R,1
1216,GGA00001370R,2
1217,GGA00002542R,2
1218,GGA00002550R,2
1219,GGA00002557R,2
1220,GGA00002605R,2
1221,GGA00002638R,2
1222,GGA00002658R,1
1223,GGA00002669R,2
1224,GGA00002682R,2
1225,GGA00002692R,1
1226,GHA00000145R,1
1227,GIA00000010R,2
1228,GIA00000108R,2
1229,GIA00000253R,2
1230,GIB00000111R,1
1231,GLA00000198R,2
1232,GMA00000147R,2
1233,GOA00000333R,2
1234,GOA00000682R,2
1235,GOA00000690R,2
1236,GOA00000701R,2
1237,HK000000056H,2
1238,HK000000102H,2
1239,HK000000128H,1
1240,HK000000336H,2
1241,HK000000407H,2
1242,HK000000528H,2
1243,HK000000580H,2
1244,HK000000600H,2
1245,HK000000794H,2
1246,HK000000866H,2
1247,HK000001068H,2
1248,HK000001424H,2
1249,HK000001492H,1
1250,IAA00000040R,1
1251,IBA00000033R,1
1252,JAA00000075R,2
1253,JAA00000111R,2
1254,JAA00000119R,1
1255,JAA00000161R,2
1256,JAA00000205R,1
1257,JAA00000339R,0
1258,JAA00000442R,2
1259,JAA00000445R,2
1260,JAA00000448R,1
1261,JBA00000011R,2
1262,JBA00000027R,1
1263,JBA00000149R,2
1264,JBA00000272R,2
1265,JBA00000286R,2
1266,JBA00000293R,2
1267,JDA00000007R,2
1268,JDA00000033R,1
1269,JDA00000042R,2
1270,JDA00000064R,2
1271,JDA00000108R,0
1272,JDA00000123R,2
1273,JDA00000229R,0
1274,JDA00000259R,2
1275,JDA00000296R,1
1276,JDA00000313R,1
1277,JDA00000331R,1
1278,JDA00000357R,2
1279,JDA00000360R,2
1280,JDA00000362R,2
1281,JDA00000364R,2
1282,JDA00000390R,2
1283,JDA00000410R,2
1284,JDA00000423R,1
1285,JDA00000424R,2
1286,JDA00000435R,2
1287,JDA00000442R,1
1288,JDA00000444R,2
1289,JDA00000446R,2
1290,JDB00000020R,2
1291,JDC00000014R,2
1292,JDC00000024R,2
1293,JDC00000025R,2
1294,JEA00000220R,2
1295,JFA00000001R,1
1296,JFA00000004R,2
1297,JGA00000012R,2
1298,JHA00000034R,2
1299,JKA00000053R,2
1300,JKA00000059R,2
1301,JKA00000077R,2
1302,JKA00000093R,1
1303,JKA00000096R,2
1304,JKB00000004R,2
1305,JLC00000025R,2
1306,JLC00000031R,2
1307,JLC00000064R,2
1308,JLC00000066R,2
1309,JLC00000122R,2
1310,JLC00000192R,2
1311,JLC00000214R,2
1312,JLC00000234R,2
1313,JLC00000243R,1
1314,JLC00000249R,2
1315,JLC00000258R,2
1316,JLC00000268R,2
1317,JLC00000269R,1
1318,JLD00000001R,2
1319,JLD00000002R,0
1320,JLD00000012R,2
1321,JLD00000028R,2
1322,JLD00000029R,2
1323,JLD00000034R,2
1324,LAA00000022R,0
1325,LAA00000023R,0
1326,LAA00000035R,2
1327,LAA00000179R,2
1328,LAA00000251R,2
1329,LAA00000266R,2
1330,LAA00000268R,2
1331,LAA00000306R,1
1332,LAA00000309R,1
1333,LAA00000333R,2
1334,LAA00000336R,2
1335,LAA00000355R,1
1336,LAA00000358R,2
1337,LAA00000364R,2
1338,LCA00000067R,1
1339,LCA00000111R,0
1340,LCA00000129R,1
1341,LCA00000131R,0
1342,LCA00000138R,2
1343,LCA00000160R,2
1344,LCA00000196R,1
1345,LCA00000305R,1
1346,LCA00000323R,1
1347,LCA00000325R,1
1348,LCA00000333R,2
1349,OAA00000008R,2
1350,OIA00000005R,2
1351,OIA00000007R,2
1352,OIA00000015R,2
1353,PAA00000024R,2
1354,PAA00000311R,2
1355,QJA00000063R,0
1356,RAA00000014R,2
1357,RAA00000130R,2
1358,RAA00000206R,2
1359,RAA00000299R,2
1360,RAA00000322R,1
1361,RAA00000335R,2
1362,RAA00000339R,1
1363,RAA00000340R,1
1364,SAA00000005R,0
1365,SAA00000025R,2
1366,SAA00000038R,0
1367,SAA00000072R,2
1368,SAA00000205R,2
1369,SAG00000001R,2
1370,SAG00000006R,2
1371,SBA00000084R,1
1372,SBA00000102R,2
1373,SBA00000184R,1
1374,SBA00000194R,2
1375,SBA00000197R,2
1376,SBA00000214R,2
1377,SCA00000119R,1
1378,SDA00000093R,2
1379,SEA00000070R,0
1380,SEA00000100R,1
1381,SEA00000162R,2
1382,SGA00000008R,2
1383,SGA00000011R,2
1384,SGA00000026R,0
1385,SGA00000184R,2
1386,SGA00000245R,2
1387,SHA00000001R,0
1388,SHA00000039R,1
1389,SHA00000288R,1
1390,SHA00000396R,2
1391,SHA00000397R,1
1392,SHA00000400R,2
1393,SIA00000051R,1
1394,SICKAB00002R,1
1395,SJA00000002R,1
1396,SJA00000029R,2
1397,SJA00000038R,2
1398,SJA00000048R,2
1399,SJA00000049R,2
1400,SJA00000094R,2
1401,SJA00000100R,2
1402,SJA00000169R,1
1403,SJA00000226R,1
1404,SJA00000311R,2
1405,SJA00000318R,2
1406,SJA00000346R,2
1407,SKA00000083R,1
1408,SKA00000117R,1
1409,SLA00000004R,2
1410,SLA00000038R,2
1411,SLA00000053R,2
1412,SLA00000060R,2
1413,SLA00000070R,2
1414,SLA00000082R,2
1415,SLA00000130R,2
1416,SLA00000139R,2
1417,SLA00000152R,2
1418,SLA00000157R,2
1419,SLA00000180R,1
1420,SLA00000196R,1
1421,SLA00000201R,2
1422,SLA00000203R,2
1423,SLA00000207R,2
1424,SLA00000210R,1
1425,SLA00000215R,2
1426,SLA00000221R,2
1427,SLA00000244R,2
1428,SLA00000246R,2
1429,SLA00000254R,2
1430,SLA00000256R,1
1431,SLA00000259R,2
1432,SLA00000262R,1
1433,SMA00000076R,1
1434,SMA00000078R,2
1435,SMA00000084R,2
1436,SMA00000092R,1
1437,SMA00000100R,2
1438,SNA00000007R,2
1439,SNA00000010R,2
1440,SNA00000030R,2
1441,SNA00000076R,1
1442,SNA00000108R,1
1443,SNA00000120R,2
1444,SNA00000128R,2
1445,SNA00000132R,1
1446,SNA00000140R,2
1447,SNA00000144R,2
1448,SNA00000147R,2
1449,SPA00000004R,2
1450,SPA00000016R,2
1451,SPA00000126R,2
1452,SPA00000130R,2
1453,SQA00000008R,0
1454,SQA00000011R,0
1455,SQA00000015R,1
1456,SQA00000023R,2
1457,SQA00000036R,2
1458,SQA00000039R,1
1459,SQA00000045R,2
1460,SQA00000046R,1
1461,SQA00000055R,2
1462,SQA00000067R,0
1463,SQA00000107R,1
1464,SQA00000114R,2
1465,SQA00000125R,2
1466,SQA00000312R,2
1467,SQA00000316R,1
1468,SQA00000360R,1
1469,SQA00000390R,2
1470,SQA00000451R,2
1471,SQA00000484R,2
1472,SQA00000534R,2
1473,SQA00000541R,1
1474,SQA00000577R,1
1475,SQA00000587R,2
1476,SQA00000593R,1
1477,SQA00000596R,2
1478,SUA00000161R,1
1479,TAA00000032R,2
1480,TAA00000033R,2
1481,TAA00000037R,2
1482,TCA00000004R,1
1483,TDA00000043R,2
1484,TDA00000053R,1
1485,TDA00000094R,2
1486,TJA00000001R,1
1487,TJA00000025R,0
1488,TJA00000032R,2
1489,TKA00000017R,1
1490,TLA00000007R,2
1491,TNA00000013R,2
1492,TSA00000022R,2
1493,TSA00000047R,2
1494,TSA00000051R,2
1495,TSA00000056R,2
1496,UBA00000003R,0
1497,UBA00000007R,2
1498,UBA00000146R,2
1499,UBA00000157R,2
1500,UCA00000014R,2
1501,UCA00000078R,1
1502,UCA00000124R,0
1503,UDA00000121R,2
1504,UDA00000125R,2
1505,UFA00000029E,0
1506,UFA00000029R,0
1507,UFA00000055R,2
1508,VBA00000079R,1
1509,VBA00000080R,2
1510,VBA00000085R,2
1511,WBA00000126R,2
1512,WBA00000221R,1
1513,WBA00000235R,1
1514,WBA00000248R,2
1515,WBA00000251R,1
1516,XAA00000209R,2
1517,XAA00000222R,2
1518,XAA00000225R,1
1519,XBA00000435R,2
1520,XBA00000467R,2
1521,YAA00000398R,2
1522,YAA00000410R,1
1523,YAA00000418R,2
1524,YAA00000463R,1
1525,YAA00000466R,2
1526,YAA00000486R,1
1527,YAA00000514R,2
1528,YAA00000529R,1
1529,YAA00000536R,2
1530,YAA00000545R,1
1531,YAA00000560R,1
1532,YBA00000002R,2
1533,YGA00000011R,2
1534,YJA00000003R,2
1535,ZBA00000069R,2
1536,ZBA00000070R,0
1537,ZBA00000476R,2
1538,ZBA00000522R,2
1539,ZBA00000537R,2
1540,ZBB00000001R,2
1541,ZDA00000027R,2
1542,ZDA00000028R,2
1543,ZDA00000029R,1
1544,ZEA00000013R,0
1545,ZEA00000018R,2
1546,ZEA00000101R,2
1547,ZEA00000132R,2
1548,ZEA00000149R,0
1549,ZGA00000005R,2
1550,ZJA00000009R,1
